study_id,instance,monomer_a,monomer_b,hb_ratio,hv_ratio,mw,mw_units,mn,mn_units,pdi,shape,thickness,units_thickness,surface,surface_units,diameter,diameter_units,length,length_units,additive,additive1_name,additive1_percentage,additive1_use,additive2_name,additive2_percentage,additive2_use,addtive3_name,additive3_percentage,additive3_use,polymer_percentage,iso,astm,assay,cell_line,cell_line_type,exposure_type,no_cells_per_well,inoculum_concentration_units,culture_medium,dilution_medium,concentration,concentration_units,dilution,incubation_time,incubation_time_units,incubation_temperature,incubation_temperature_units,co2_percentage,air,extraction_time,units_extraction_time,extraction_temperature,units_extraction_t,extraction_medium,extraction_surface_area_ratio,extraction_surface_area_ratio_units,number_of_cells_well,cell_viability_percentage,toxicity,ic_50,ic_50_units,growth_constant_μ,growth_constant_μ_units,rgr,toxicity_grade,zone_index,lysis_index,growth_inhibition_percentage
1,1,3hb,,100.0,0.0,243310.0,g/mol,28164.0,g/mol,8.64,film,42.6,μm,,,,,,,no,,0.0,not_applicable,,0.0,not_applicable,,0.0,not_applicable,100.0,10993-5,,ldh,saos-2,human,indirect_contact,10000.0,cells/well,mccoy_5a_10fbs_ps_glu_pyr_hepes,dmem,,,0.0,72.0,hours,37.0,celsius,,,,,,,,0.5,cm^2/ml,,90.99526,non-toxic,,,,,,,,,
1,2,3hb,,100.0,0.0,243310.0,g/mol,28164.0,g/mol,8.64,film,42.6,μm,,,,,,,no,,0.0,not_applicable,,0.0,not_applicable,,0.0,not_applicable,100.0,10993-5,,ldh,saos-2,human,indirect_contact,10000.0,cells/well,mccoy_5a_10fbs_ps_glu_pyr_hepes,dmem,,,1.0,72.0,hours,37.0,celsius,,,,,,,,0.5,cm^2/ml,,87.67773,non-toxic,,,,,,,,,
1,3,3hb,,100.0,0.0,243310.0,g/mol,28164.0,g/mol,8.64,film,42.6,μm,,,,,,,no,,0.0,not_applicable,,0.0,not_applicable,,0.0,not_applicable,100.0,10993-5,,ldh,saos-2,human,indirect_contact,10000.0,cells/well,mccoy_5a_10fbs_ps_glu_pyr_hepes,dmem,,,0.1,72.0,hours,37.0,celsius,,,,,,,,0.5,cm^2/ml,,94.78673,non-toxic,,,,,,,,,
1,4,3hb,,100.0,0.0,243310.0,g/mol,28164.0,g/mol,8.64,film,42.6,μm,,,,,,,no,,0.0,not_applicable,,0.0,not_applicable,,0.0,not_applicable,100.0,10993-5,,ldh,saos-2,human,indirect_contact,10000.0,cells/well,mccoy_5a_10fbs_ps_glu_pyr_hepes,dmem,,,0.01,72.0,hours,37.0,celsius,,,,,,,,0.5,cm^2/ml,,91.94313,non-toxic,,,,,,,,,
1,5,3hb,,100.0,0.0,243310.0,g/mol,28164.0,g/mol,8.64,film,42.6,μm,,,,,,,no,,0.0,not_applicable,,0.0,not_applicable,,0.0,not_applicable,100.0,10993-5,,ldh,saos-2,human,indirect_contact,10000.0,cells/well,mccoy_5a_10fbs_ps_glu_pyr_hepes,dmem,,,0.001,72.0,hours,37.0,celsius,,,,,,,,0.5,cm^2/ml,,84.83412,non-toxic,,,,,,,,,
1,6,3hb,3hv,81.0,19.0,271590.0,g/mol,79230.0,g/mol,3.4,film,13.22,μm,,,,,,,no,,0.0,not_applicable,,0.0,not_applicable,,0.0,not_applicable,100.0,10993-5,,ldh,saos-2,human,indirect_contact,10000.0,cells/well,mccoy_5a_10fbs_ps_glu_pyr_hepes,dmem,,,0.0,72.0,hours,37.0,celsius,,,,,,,,0.5,cm^2/ml,,105.21327,non-toxic,,,,,,,,,
1,7,3hb,3hv,81.0,19.0,271590.0,g/mol,79230.0,g/mol,3.4,film,13.22,μm,,,,,,,no,,0.0,not_applicable,,0.0,not_applicable,,0.0,not_applicable,100.0,10993-5,,ldh,saos-2,human,indirect_contact,10000.0,cells/well,mccoy_5a_10fbs_ps_glu_pyr_hepes,dmem,,,1.0,72.0,hours,37.0,celsius,,,,,,,,0.5,cm^2/ml,,157.1991,non-toxic,,,,,,,,,
1,8,3hb,3hv,81.0,19.0,271590.0,g/mol,79230.0,g/mol,3.4,film,13.22,μm,,,,,,,no,,0.0,not_applicable,,0.0,not_applicable,,0.0,not_applicable,100.0,10993-5,,ldh,saos-2,human,indirect_contact,10000.0,cells/well,mccoy_5a_10fbs_ps_glu_pyr_hepes,dmem,,,0.1,72.0,hours,37.0,celsius,,,,,,,,0.5,cm^2/ml,,140.75829,non-toxic,,,,,,,,,
1,9,3hb,3hv,81.0,19.0,271590.0,g/mol,79230.0,g/mol,3.4,film,13.22,μm,,,,,,,no,,0.0,not_applicable,,0.0,not_applicable,,0.0,not_applicable,100.0,10993-5,,ldh,saos-2,human,indirect_contact,10000.0,cells/well,mccoy_5a_10fbs_ps_glu_pyr_hepes,dmem,,,0.01,72.0,hours,37.0,celsius,,,,,,,,0.5,cm^2/ml,,101.4218,non-toxic,,,,,,,,,
1,10,3hb,3hv,81.0,19.0,271590.0,g/mol,79230.0,g/mol,3.4,film,13.22,μm,,,,,,,no,,0.0,not_applicable,,0.0,not_applicable,,0.0,not_applicable,100.0,10993-5,,ldh,saos-2,human,indirect_contact,10000.0,cells/well,mccoy_5a_10fbs_ps_glu_pyr_hepes,dmem,,,0.001,72.0,hours,37.0,celsius,,,,,,,,0.5,cm^2/ml,,108.05687,non-toxic,,,,,,,,,
1,11,3hb,,100.0,0.0,243310.0,g/mol,28164.0,g/mol,8.64,film,42.6,μm,,,,,,,yes,gentamicin_sulfate,30.0,antibiotic,,0.0,not_applicable,,0.0,not_applicable,70.0,10993-5,,ldh,saos-2,human,indirect_contact,10000.0,cells/well,mccoy_5a_10fbs_ps_glu_pyr_hepes,dmem,,,0.0,72.0,hours,37.0,celsius,,,,,,,,0.5,cm^2/ml,,97.1564,non-toxic,,,,,,,,,
1,12,3hb,,100.0,0.0,243310.0,g/mol,28164.0,g/mol,8.64,film,42.6,μm,,,,,,,yes,gentamicin_sulfate,30.0,antibiotic,,0.0,not_applicable,,0.0,not_applicable,70.0,10993-5,,ldh,saos-2,human,indirect_contact,10000.0,cells/well,mccoy_5a_10fbs_ps_glu_pyr_hepes,dmem,,,1.0,72.0,hours,37.0,celsius,,,,,,,,0.5,cm^2/ml,,85.30806,non-toxic,,,,,,,,,
1,13,3hb,,100.0,0.0,243310.0,g/mol,28164.0,g/mol,8.64,film,42.6,μm,,,,,,,yes,gentamicin_sulfate,30.0,antibiotic,,0.0,not_applicable,,0.0,not_applicable,70.0,10993-5,,ldh,saos-2,human,indirect_contact,10000.0,cells/well,mccoy_5a_10fbs_ps_glu_pyr_hepes,dmem,,,0.1,72.0,hours,37.0,celsius,,,,,,,,0.5,cm^2/ml,,84.36019,non-toxic,,,,,,,,,
1,14,3hb,,100.0,0.0,243310.0,g/mol,28164.0,g/mol,8.64,film,42.6,μm,,,,,,,yes,gentamicin_sulfate,30.0,antibiotic,,0.0,not_applicable,,0.0,not_applicable,70.0,10993-5,,ldh,saos-2,human,indirect_contact,10000.0,cells/well,mccoy_5a_10fbs_ps_glu_pyr_hepes,dmem,,,0.01,72.0,hours,37.0,celsius,,,,,,,,0.5,cm^2/ml,,86.72986,non-toxic,,,,,,,,,
1,15,3hb,,100.0,0.0,243310.0,g/mol,28164.0,g/mol,8.64,film,42.6,μm,,,,,,,yes,gentamicin_sulfate,30.0,antibiotic,,0.0,not_applicable,,0.0,not_applicable,70.0,10993-5,,ldh,saos-2,human,indirect_contact,10000.0,cells/well,mccoy_5a_10fbs_ps_glu_pyr_hepes,dmem,,,0.001,72.0,hours,37.0,celsius,,,,,,,,0.5,cm^2/ml,,84.83412,non-toxic,,,,,,,,,
1,16,3hb,3hv,81.0,19.0,271590.0,g/mol,79230.0,g/mol,3.4,film,13.22,μm,,,,,,,yes,gentamicin_sulfate,30.0,antibiotic,,0.0,not_applicable,,0.0,not_applicable,70.0,10993-5,,ldh,saos-2,human,indirect_contact,10000.0,cells/well,mccoy_5a_10fbs_ps_glu_pyr_hepes,dmem,,,0.0,72.0,hours,37.0,celsius,,,,,,,,0.5,cm^2/ml,,92.891,non-toxic,,,,,,,,,
1,17,3hb,3hv,81.0,19.0,271590.0,g/mol,79230.0,g/mol,3.4,film,13.22,μm,,,,,,,yes,gentamicin_sulfate,30.0,antibiotic,,0.0,not_applicable,,0.0,not_applicable,70.0,10993-5,,ldh,saos-2,human,indirect_contact,10000.0,cells/well,mccoy_5a_10fbs_ps_glu_pyr_hepes,dmem,,,1.0,72.0,hours,37.0,celsius,,,,,,,,0.5,cm^2/ml,,99.05213,non-toxic,,,,,,,,,
1,18,3hb,3hv,81.0,19.0,271590.0,g/mol,79230.0,g/mol,3.4,film,13.22,μm,,,,,,,yes,gentamicin_sulfate,30.0,antibiotic,,0.0,not_applicable,,0.0,not_applicable,70.0,10993-5,,ldh,saos-2,human,indirect_contact,10000.0,cells/well,mccoy_5a_10fbs_ps_glu_pyr_hepes,dmem,,,0.1,72.0,hours,37.0,celsius,,,,,,,,0.5,cm^2/ml,,88.62559,non-toxic,,,,,,,,,
1,19,3hb,3hv,81.0,19.0,271590.0,g/mol,79230.0,g/mol,3.4,film,13.22,μm,,,,,,,yes,gentamicin_sulfate,30.0,antibiotic,,0.0,not_applicable,,0.0,not_applicable,70.0,10993-5,,ldh,saos-2,human,indirect_contact,10000.0,cells/well,mccoy_5a_10fbs_ps_glu_pyr_hepes,dmem,,,0.01,72.0,hours,37.0,celsius,,,,,,,,0.5,cm^2/ml,,87.20379,non-toxic,,,,,,,,,
1,20,3hb,3hv,81.0,19.0,271590.0,g/mol,79230.0,g/mol,3.4,film,13.22,μm,,,,,,,yes,gentamicin_sulfate,30.0,antibiotic,,0.0,not_applicable,,0.0,not_applicable,70.0,10993-5,,ldh,saos-2,human,indirect_contact,10000.0,cells/well,mccoy_5a_10fbs_ps_glu_pyr_hepes,dmem,,,0.001,72.0,hours,37.0,celsius,,,,,,,,0.5,cm^2/ml,,72.98578,non-toxic,,,,,,,,,
2,1,3hb,3hv,80.0,20.0,,,,,,film,131.0,μm,,,,,,,yes,oregano_essential_oil,2.5,antioxidant_antimicrobial,zinc_oxide_nanoparticles,2.25,antimicrobial,,0.0,not_applicable,95.25,,,cck-8,caco-2,human,indirect_contact,10000.0,cells/well,mem,,,,,24.0,hours,37.0,celsius,5.0,humidified,,,37.0,celsius,,,,,105.14,non-toxic,,,,,,,,,
2,2,3hb,3hv,80.0,20.0,,,,,,film,131.0,μm,,,,,,,yes,oregano_essential_oil,2.5,antioxidant_antimicrobial,zinc_oxide_nanoparticles,2.25,antimicrobial,,0.0,not_applicable,95.25,,,cck-8,caco-2,human,indirect_contact,10000.0,cells/well,mem,,,,,48.0,hours,37.0,celsius,5.0,humidified,,,37.0,celsius,,,,,108.5,non-toxic,,,,,,,,,
2,3,3hb,3hv,80.0,20.0,,,,,,film,131.0,μm,,,,,,,yes,oregano_essential_oil,2.5,antioxidant_antimicrobial,zinc_oxide_nanoparticles,2.25,antimicrobial,,0.0,not_applicable,95.25,,,resazurin,caco-2,human,indirect_contact,10000.0,cells/well,mem,,,,,24.0,hours,37.0,celsius,5.0,humidified,,,37.0,celsius,,,,,107.1,non-toxic,,,,,,,,,
2,4,3hb,3hv,80.0,20.0,,,,,,film,131.0,μm,,,,,,,yes,oregano_essential_oil,2.5,antioxidant_antimicrobial,zinc_oxide_nanoparticles,2.25,antimicrobial,,0.0,not_applicable,95.25,,,resazurin,caco-2,human,indirect_contact,10000.0,cells/well,mem,,,,,48.0,hours,37.0,celsius,5.0,humidified,,,37.0,celsius,,,,,100.65,non-toxic,,,,,,,,,
2,5,3hb,3hv,80.0,20.0,,,,,,film,140.0,μm,,,,,,,yes,oregano_essential_oil,2.5,antioxidant_antimicrobial,zinc_oxide_nanoparticles,2.25,antimicrobial,cnc,0.0,not_applicable,95.25,,,cck-8,caco-2,human,indirect_contact,10000.0,cells/well,mem,,,,,24.0,hours,37.0,celsius,5.0,humidified,,,37.0,celsius,,,,,101.21,non-toxic,,,,,,,,,
2,6,3hb,3hv,80.0,20.0,,,,,,film,140.0,μm,,,,,,,yes,oregano_essential_oil,2.5,antioxidant_antimicrobial,zinc_oxide_nanoparticles,2.25,antimicrobial,cnc,0.0,not_applicable,95.25,,,cck-8,caco-2,human,indirect_contact,10000.0,cells/well,mem,,,,,48.0,hours,37.0,celsius,5.0,humidified,,,37.0,celsius,,,,,94.76,non-toxic,,,,,,,,,
2,7,3hb,3hv,80.0,20.0,,,,,,film,140.0,μm,,,,,,,yes,oregano_essential_oil,2.5,antioxidant_antimicrobial,zinc_oxide_nanoparticles,2.25,antimicrobial,cnc,0.0,not_applicable,95.25,,,resazurin,caco-2,human,indirect_contact,10000.0,cells/well,mem,,,,,24.0,hours,37.0,celsius,5.0,humidified,,,37.0,celsius,,,,,104.85,non-toxic,,,,,,,,,
2,8,3hb,3hv,80.0,20.0,,,,,,film,140.0,μm,,,,,,,yes,oregano_essential_oil,2.5,antioxidant_antimicrobial,zinc_oxide_nanoparticles,2.25,antimicrobial,cnc,0.0,not_applicable,95.25,,,resazurin,caco-2,human,indirect_contact,10000.0,cells/well,mem,,,,,48.0,hours,37.0,celsius,5.0,humidified,,,37.0,celsius,,,,,97.57,non-toxic,,,,,,,,,
3,1,3hb,3hv,97.1,2.9,,,,,,film,5.0,mm,,,,,,,yes,pcl,60.61,enhancer,vcm,9.09,antibiotic,bcp,15.15,not_applicable,15.15,10993-12,,mtt,mc3t3-e1,mouse,indirect_contact,,,α_mem_fbs_penicillin_streptomycin,α_mem_fbs_penicillin_streptomycin,0.25,,,48.0,hours,,,,,24.0,hours,37.0,celsius,serum_free_α_mem,1.25,cm^2/ml,,94.4767441860464,non-toxic,,,,,,,,,
3,2,3hb,3hv,97.1,2.9,,,,,,film,5.0,mm,,,,,,,yes,pcl,60.61,enhancer,vcm,9.09,antibiotic,bcp,15.15,not_applicable,15.15,10993-12,,mtt,mc3t3-e1,mouse,indirect_contact,,,α_mem_fbs_penicillin_streptomycin,α_mem_fbs_penicillin_streptomycin,0.5,,,48.0,hours,,,,,24.0,hours,37.0,celsius,serum_free_α_mem,1.25,cm^2/ml,,86.9186046511627,non-toxic,,,,,,,,,
3,3,3hb,3hv,97.1,2.9,,,,,,film,5.0,mm,,,,,,,yes,pcl,60.61,enhancer,vcm,9.09,antibiotic,bcp,15.15,not_applicable,15.15,10993-12,,mtt,mc3t3-e1,mouse,indirect_contact,,,α_mem_fbs_penicillin_streptomycin,α_mem_fbs_penicillin_streptomycin,0.75,,,48.0,hours,,,,,24.0,hours,37.0,celsius,serum_free_α_mem,1.25,cm^2/ml,,82.7616279069767,non-toxic,,,,,,,,,
3,4,3hb,3hv,97.1,2.9,,,,,,film,5.0,mm,,,,,,,yes,pcl,60.61,enhancer,vcm,9.09,antibiotic,bcp,15.15,not_applicable,15.15,10993-12,,mtt,mc3t3-e1,mouse,indirect_contact,,,α_mem_fbs_penicillin_streptomycin,α_mem_fbs_penicillin_streptomycin,1.0,,,48.0,hours,,,,,24.0,hours,37.0,celsius,serum_free_α_mem,1.25,cm^2/ml,,82.3837209302325,non-toxic,,,,,,,,,
3,5,3hb,3hv,97.1,2.9,,,,,,,,,,,,,,,yes,pcl,60.61,enhancer,vcm,9.09,antibiotic,bcp,15.15,not_applicable,15.15,10993-12,,mtt,mc3t3-e1,mouse,indirect_contact,,,α_mem_fbs_penicillin_streptomycin,α_mem_fbs_penicillin_streptomycin,1.25,,,48.0,hours,,,,,24.0,hours,37.0,celsius,serum_free_α_mem,1.25,cm^2/ml,,84.6511627906976,non-toxic,,,,,,,,,
3,6,3hb,3hv,97.1,2.9,,,,,,,,,,,,,,,yes,pcl,53.03,enhancer,vcm,9.09,antibiotic,bcp,15.15,not_applicable,22.73,10993-12,,mtt,mc3t3-e1,mouse,indirect_contact,,,α_mem_fbs_penicillin_streptomycin,α_mem_fbs_penicillin_streptomycin,0.25,,,48.0,hours,,,,,24.0,hours,37.0,celsius,serum_free_α_mem,1.25,cm^2/ml,,86.0465116279069,non-toxic,,,,,,,,,
3,7,3hb,3hv,97.1,2.9,,,,,,,,,,,,,,,yes,pcl,53.03,enhancer,vcm,9.09,antibiotic,bcp,15.15,not_applicable,22.73,10993-12,,mtt,mc3t3-e1,mouse,indirect_contact,,,α_mem_fbs_penicillin_streptomycin,α_mem_fbs_penicillin_streptomycin,0.5,,,48.0,hours,,,,,24.0,hours,37.0,celsius,serum_free_α_mem,1.25,cm^2/ml,,111.860465116279,non-toxic,,,,,,,,,
3,8,3hb,3hv,97.1,2.9,,,,,,,,,,,,,,,yes,pcl,53.03,enhancer,vcm,9.09,antibiotic,bcp,15.15,not_applicable,22.73,10993-12,,mtt,mc3t3-e1,mouse,indirect_contact,,,α_mem_fbs_penicillin_streptomycin,α_mem_fbs_penicillin_streptomycin,0.75,,,48.0,hours,,,,,24.0,hours,37.0,celsius,serum_free_α_mem,1.25,cm^2/ml,,81.2499999999999,non-toxic,,,,,,,,,
3,9,3hb,3hv,97.1,2.9,,,,,,,,,,,,,,,yes,pcl,53.03,enhancer,vcm,9.09,antibiotic,bcp,15.15,not_applicable,22.73,10993-12,,mtt,mc3t3-e1,mouse,indirect_contact,,,α_mem_fbs_penicillin_streptomycin,α_mem_fbs_penicillin_streptomycin,1.0,,,48.0,hours,,,,,24.0,hours,37.0,celsius,serum_free_α_mem,1.25,cm^2/ml,,83.5174418604651,non-toxic,,,,,,,,,
3,10,3hb,3hv,97.1,2.9,,,,,,,,,,,,,,,yes,pcl,53.03,enhancer,vcm,9.09,antibiotic,bcp,15.15,not_applicable,22.73,10993-12,,mtt,mc3t3-e1,mouse,indirect_contact,,,α_mem_fbs_penicillin_streptomycin,α_mem_fbs_penicillin_streptomycin,1.25,,,48.0,hours,,,,,24.0,hours,37.0,celsius,serum_free_α_mem,1.25,cm^2/ml,,83.5174418604651,non-toxic,,,,,,,,,
3,11,3hb,3hv,97.1,2.9,,,,,,,,,,,,,,,yes,pcl,55.94,enhancer,vcm,9.09,antibiotic,bcp,20.98,not_applicable,13.99,10993-12,,mtt,mc3t3-e1,mouse,indirect_contact,,,α_mem_fbs_penicillin_streptomycin,α_mem_fbs_penicillin_streptomycin,0.25,,,48.0,hours,,,,,24.0,hours,37.0,celsius,serum_free_α_mem,1.25,cm^2/ml,,84.2732558139534,non-toxic,,,,,,,,,
3,12,3hb,3hv,97.1,2.9,,,,,,,,,,,,,,,yes,pcl,55.94,enhancer,vcm,9.09,antibiotic,bcp,20.98,not_applicable,13.99,10993-12,,mtt,mc3t3-e1,mouse,indirect_contact,,,α_mem_fbs_penicillin_streptomycin,α_mem_fbs_penicillin_streptomycin,0.5,,,48.0,hours,,,,,24.0,hours,37.0,celsius,serum_free_α_mem,1.25,cm^2/ml,,82.0058139534883,non-toxic,,,,,,,,,
3,13,3hb,3hv,97.1,2.9,,,,,,,,,,,,,,,yes,pcl,55.94,enhancer,vcm,9.09,antibiotic,bcp,20.98,not_applicable,13.99,10993-12,,mtt,mc3t3-e1,mouse,indirect_contact,,,α_mem_fbs_penicillin_streptomycin,α_mem_fbs_penicillin_streptomycin,0.75,,,48.0,hours,,,,,24.0,hours,37.0,celsius,serum_free_α_mem,1.25,cm^2/ml,,90.6976744186046,non-toxic,,,,,,,,,
3,14,3hb,3hv,97.1,2.9,,,,,,,,,,,,,,,yes,pcl,55.94,enhancer,vcm,9.09,antibiotic,bcp,20.98,not_applicable,13.99,10993-12,,mtt,mc3t3-e1,mouse,indirect_contact,,,α_mem_fbs_penicillin_streptomycin,α_mem_fbs_penicillin_streptomycin,1.0,,,48.0,hours,,,,,24.0,hours,37.0,celsius,serum_free_α_mem,1.25,cm^2/ml,,80.4941860465116,non-toxic,,,,,,,,,
3,15,3hb,3hv,97.1,2.9,,,,,,,,,,,,,,,yes,pcl,55.94,enhancer,vcm,9.09,antibiotic,bcp,20.98,not_applicable,13.99,10993-12,,mtt,mc3t3-e1,mouse,indirect_contact,,,α_mem_fbs_penicillin_streptomycin,α_mem_fbs_penicillin_streptomycin,1.25,,,48.0,hours,,,,,24.0,hours,37.0,celsius,serum_free_α_mem,1.25,cm^2/ml,,83.5174418604651,non-toxic,,,,,,,,,
3,16,3hb,3hv,97.1,2.9,,,,,,,,,,,,,,,yes,pcl,48.95,enhancer,vcm,9.09,antibiotic,bcp,20.98,not_applicable,20.98,10993-12,,mtt,mc3t3-e1,mouse,indirect_contact,,,α_mem_fbs_penicillin_streptomycin,α_mem_fbs_penicillin_streptomycin,0.25,,,48.0,hours,,,,,24.0,hours,37.0,celsius,serum_free_α_mem,1.25,cm^2/ml,,94.8546511627906,non-toxic,,,,,,,,,
3,17,3hb,3hv,97.1,2.9,,,,,,,,,,,,,,,yes,pcl,48.95,enhancer,vcm,9.09,antibiotic,bcp,20.98,not_applicable,20.98,10993-12,,mtt,mc3t3-e1,mouse,indirect_contact,,,α_mem_fbs_penicillin_streptomycin,α_mem_fbs_penicillin_streptomycin,0.5,,,48.0,hours,,,,,24.0,hours,37.0,celsius,serum_free_α_mem,1.25,cm^2/ml,,85.0290697674418,non-toxic,,,,,,,,,
3,18,3hb,3hv,97.1,2.9,,,,,,,,,,,,,,,yes,pcl,48.95,enhancer,vcm,9.09,antibiotic,bcp,20.98,not_applicable,20.98,10993-12,,mtt,mc3t3-e1,mouse,indirect_contact,,,α_mem_fbs_penicillin_streptomycin,α_mem_fbs_penicillin_streptomycin,0.75,,,48.0,hours,,,,,24.0,hours,37.0,celsius,serum_free_α_mem,1.25,cm^2/ml,,99.0116279069767,non-toxic,,,,,,,,,
3,19,3hb,3hv,97.1,2.9,,,,,,,,,,,,,,,yes,pcl,48.95,enhancer,vcm,9.09,antibiotic,bcp,20.98,not_applicable,20.98,10993-12,,mtt,mc3t3-e1,mouse,indirect_contact,,,α_mem_fbs_penicillin_streptomycin,α_mem_fbs_penicillin_streptomycin,1.0,,,48.0,hours,,,,,24.0,hours,37.0,celsius,serum_free_α_mem,1.25,cm^2/ml,,98.6337209302325,non-toxic,,,,,,,,,
3,20,3hb,3hv,97.1,2.9,,,,,,,,,,,,,,,yes,pcl,48.95,enhancer,vcm,9.09,antibiotic,bcp,20.98,not_applicable,20.98,10993-12,,mtt,mc3t3-e1,mouse,indirect_contact,,,α_mem_fbs_penicillin_streptomycin,α_mem_fbs_penicillin_streptomycin,1.25,,,48.0,hours,,,,,24.0,hours,37.0,celsius,serum_free_α_mem,1.25,cm^2/ml,,89.1860465116279,non-toxic,,,,,,,,,
4,1,3hb,3hv,90.2,9.8,92000.0,g/mol,,,,microparticles,,,,,43.21,μm,,,yes,rif,16.67,antibiotic,pva,16.67,adhesive,,0.0,not_applicable,66.67,,,nru,v79_fibroblast,mouse,indirect_contact,,,dmem_fcs,,,,,24.0,hours,37.0,celsius,5.0,,,,,,,,,,45.76,toxic,,,,,,,,,
4,2,3hb,3hv,90.2,9.8,92000.0,g/mol,,,,microparticles,,,,,43.21,μm,,,yes,rif,16.67,antibiotic,pva,16.67,adhesive,,0.0,not_applicable,66.67,,,mtt,v79_fibroblast,mouse,indirect_contact,,,dmem_fcs,,,,,24.0,hours,37.0,celsius,5.0,,,,,,,,,,68.47,toxic,,,,,,,,,
4,3,3hb,3hv,90.2,9.8,92000.0,g/mol,,,,microparticles,,,,,43.21,μm,,,yes,rif,16.67,antibiotic,pva,16.67,adhesive,,0.0,not_applicable,66.67,,,nac,v79_fibroblast,mouse,indirect_contact,,,,,,,,24.0,hours,37.0,celsius,5.0,,,,,,,,,,109.49,non-toxic,,,,,,,,,
5,1,3hb,3hv,88.0,12.0,609530.0,g/mol,1172173.076923077,,0.52,nanoparticle,,,,,208.51,nm,,,yes,ept,42.13,anticancer,,0.0,not_applicable,,0.0,not_applicable,57.87,,,mtt,a549,human,direct_contact,19000.0,cells/well,dmem_fbs_p/s,dmem_fbs_p/s,250.0,mg/l,,24.0,hours,37.0,celsius,5.0,humidified,,,,,,,,,55.34,toxic,,,,,,,,,
5,2,3hb,3hv,88.0,12.0,609530.0,g/mol,1172173.076923077,,0.52,nanoparticle,,,,,208.51,nm,,,yes,ept,42.13,anticancer,,0.0,not_applicable,,0.0,not_applicable,57.87,,,mtt,a549,human,direct_contact,19000.0,cells/well,dmem_fbs_p/s,dmem_fbs_p/s,62.5,mg/l,,24.0,hours,37.0,celsius,5.0,humidified,,,,,,,,,78.27,non-toxic,,,,,,,,,
5,3,3hb,3hv,88.0,12.0,609530.0,g/mol,1172173.076923077,,0.52,nanoparticle,,,,,208.51,nm,,,yes,ept,42.13,anticancer,,0.0,not_applicable,,0.0,not_applicable,57.87,,,mtt,a549,human,direct_contact,19000.0,cells/well,dmem_fbs_p/s,dmem_fbs_p/s,15.6,mg/l,,24.0,hours,37.0,celsius,5.0,humidified,,,,,,,,,85.78,non-toxic,,,,,,,,,
5,4,3hb,3hv,88.0,12.0,609530.0,g/mol,1172173.076923077,,0.52,nanoparticle,,,,,208.51,nm,,,yes,ept,42.13,anticancer,,0.0,not_applicable,,0.0,not_applicable,57.87,,,mtt,a549,human,direct_contact,19000.0,cells/well,dmem_fbs_p/s,dmem_fbs_p/s,250.0,mg/l,,48.0,hours,37.0,celsius,5.0,humidified,,,,,,,,,42.5,toxic,,,,,,,,,
5,5,3hb,3hv,88.0,12.0,609530.0,g/mol,1172173.076923077,,0.52,nanoparticle,,,,,208.51,nm,,,yes,ept,42.13,anticancer,,0.0,not_applicable,,0.0,not_applicable,57.87,,,mtt,a549,human,direct_contact,19000.0,cells/well,dmem_fbs_p/s,dmem_fbs_p/s,62.5,mg/l,,48.0,hours,37.0,celsius,5.0,humidified,,,,,,,,,46.64,toxic,,,,,,,,,
5,6,3hb,3hv,88.0,12.0,609530.0,g/mol,1172173.076923077,,0.52,nanoparticle,,,,,208.51,nm,,,yes,ept,42.13,anticancer,,0.0,not_applicable,,0.0,not_applicable,57.87,,,mtt,a549,human,direct_contact,19000.0,cells/well,dmem_fbs_p/s,dmem_fbs_p/s,15.6,mg/l,,48.0,hours,37.0,celsius,5.0,humidified,,,,,,,,,62.26,toxic,,,,,,,,,
5,7,3hb,3hv,88.0,12.0,609530.0,g/mol,1172173.076923077,,0.52,nanoparticle,,,,,208.51,nm,,,yes,ept,42.13,anticancer,,0.0,not_applicable,,0.0,not_applicable,57.87,,,mtt,a549,human,direct_contact,19000.0,cells/well,dmem_fbs_p/s,dmem_fbs_p/s,250.0,mg/l,,72.0,hours,37.0,celsius,5.0,humidified,,,,,,,,,34.39,toxic,,,,,,,,,
5,8,3hb,3hv,88.0,12.0,609530.0,g/mol,1172173.076923077,,0.52,nanoparticle,,,,,208.51,nm,,,yes,ept,42.13,anticancer,,0.0,not_applicable,,0.0,not_applicable,57.87,,,mtt,a549,human,direct_contact,19000.0,cells/well,dmem_fbs_p/s,dmem_fbs_p/s,62.5,mg/l,,72.0,hours,37.0,celsius,5.0,humidified,,,,,,,,,40.72,toxic,,,,,,,,,
5,9,3hb,3hv,88.0,12.0,609530.0,g/mol,1172173.076923077,,0.52,nanoparticle,,,,,208.51,nm,,,yes,ept,42.13,anticancer,,0.0,not_applicable,,0.0,not_applicable,57.87,,,mtt,a549,human,direct_contact,19000.0,cells/well,dmem_fbs_p/s,dmem_fbs_p/s,15.6,mg/l,,72.0,hours,37.0,celsius,5.0,humidified,,,,,,,,,47.04,toxic,,,,,,,,,
6,1,3hb,3hv,94.0,6.0,,,,,,bar,0.4,cm,,,,,1.0,cm,no,,0.0,not_applicable,,0.0,not_applicable,,0.0,not_applicable,100.0,,,mtt,mouse_fibroblasts,mouse,indirect_contact,10000.0,cells/well,dmem_fbs_gentamicin,,,,,48.0,hours,37.0,celsius,5.0,humidified,72.0,hours,37.0,celsius,dmem_fbs_gentamicin,,,,64.1221374045801,toxic,,,,,,,,,
6,2,3hb,3hv,94.0,6.0,,,,,,bar,0.4,cm,,,,,1.0,cm,no,,0.0,not_applicable,,0.0,not_applicable,,0.0,not_applicable,100.0,,,mtt,mouse_fibroblasts,mouse,indirect_contact,10000.0,cells/well,dmem_fbs_gentamicin,,,,,48.0,hours,37.0,celsius,5.0,humidified,72.0,hours,37.0,celsius,dmem_fbs_gentamicin,,,,93.307,non-toxic,,,,,,,,,
6,3,3hb,3hv,94.0,6.0,,,,,,bar,0.4,cm,,,,,1.0,cm,no,,0.0,not_applicable,,0.0,not_applicable,,0.0,not_applicable,100.0,,,mtt,mouse_fibroblasts,mouse,indirect_contact,10000.0,cells/well,dmem_fbs_gentamicin,,,,,48.0,hours,37.0,celsius,5.0,humidified,72.0,hours,37.0,celsius,dmem_fbs_gentamicin,,,,86.43,non-toxic,,,,,,,,,
6,4,3hb,3hv,94.0,6.0,,,,,,bar,0.4,cm,,,,,1.0,cm,no,,0.0,not_applicable,,0.0,not_applicable,,0.0,not_applicable,100.0,,,mtt,mouse_fibroblasts,mouse,indirect_contact,10000.0,cells/well,dmem_fbs_gentamicin,,,,,48.0,hours,37.0,celsius,5.0,humidified,72.0,hours,37.0,celsius,dmem_fbs_gentamicin,,,,77.3,non-toxic,,,,,,,,,
6,5,3hb,3hv,94.0,6.0,,,,,,bar,0.4,cm,,,,,1.0,cm,no,,0.0,not_applicable,,0.0,not_applicable,,0.0,not_applicable,100.0,,,mtt,mouse_fibroblasts,mouse,indirect_contact,10000.0,cells/well,dmem_fbs_gentamicin,,,,,48.0,hours,37.0,celsius,5.0,humidified,72.0,hours,37.0,celsius,dmem_fbs_gentamicin,,,,43.076,toxic,,,,,,,,,
6,6,3hb,3hv,94.0,6.0,,,,,,bar,0.4,cm,,,,,1.0,cm,no,,0.0,not_applicable,,0.0,not_applicable,,0.0,not_applicable,100.0,,,mtt,mouse_fibroblasts,mouse,indirect_contact,10000.0,cells/well,dmem_fbs_gentamicin,,,,,48.0,hours,37.0,celsius,5.0,humidified,72.0,hours,37.0,celsius,dmem_fbs_gentamicin,,,,72.307,non-toxic,,,,,,,,,
7,1,3hb,3hv,79.0,21.0,,,,,,film,2.0,mm,600.0,mm^2,,,,,yes,a_mwcnts,0.5,reinforcement,,0.0,not_applicable,,0.0,not_applicable,99.5,10993-5,,,murine_fibroblasts_l929,mouse,direct_contact,,,,,,,,168.0,hours,37.0,celsius,,,,,,,,,,,,,,,,,0.991868,0.0,,,
7,2,3hb,3hv,79.0,21.0,,,,,,film,2.0,mm,600.0,mm^2,,,,,yes,a_mwcnts,1.0,reinforcement,,0.0,not_applicable,,0.0,not_applicable,99.0,10993-5,,,murine_fibroblasts_l929,mouse,direct_contact,,,,,,,,168.0,hours,37.0,celsius,,,,,,,,,,,,,,,,,0.992576,0.0,,,
7,3,3hb,3hv,79.0,21.0,,,,,,film,2.0,mm,600.0,mm^2,,,,,yes,a_mwcnts,1.5,reinforcement,,0.0,not_applicable,,0.0,not_applicable,98.5,10993-5,,,murine_fibroblasts_l929,mouse,direct_contact,,,,,,,,168.0,hours,37.0,celsius,,,,,,,,,,,,,,,,,0.981278,1.0,,,
7,4,3hb,3hv,79.0,21.0,,,,,,film,2.0,mm,600.0,mm^2,,,,,yes,a_mwcnts,0.5,reinforcement,,0.0,not_applicable,,0.0,not_applicable,99.5,10993-5,,,murine_fibroblasts_l929,mouse,direct_contact,,,,,,,,96.0,hours,37.0,celsius,,,,,,,,,,,,,,,,,0.997122,0.0,,,
7,5,3hb,3hv,79.0,21.0,,,,,,film,2.0,mm,600.0,mm^2,,,,,yes,a_mwcnts,1.0,reinforcement,,0.0,not_applicable,,0.0,not_applicable,99.0,10993-5,,,murine_fibroblasts_l929,mouse,direct_contact,,,,,,,,96.0,hours,37.0,celsius,,,,,,,,,,,,,,,,,0.99384,0.0,,,
7,6,3hb,3hv,79.0,21.0,,,,,,film,2.0,mm,600.0,mm^2,,,,,yes,a_mwcnts,1.5,reinforcement,,0.0,not_applicable,,0.0,not_applicable,98.5,10993-5,,,murine_fibroblasts_l929,mouse,direct_contact,,,,,,,,96.0,hours,37.0,celsius,,,,,,,,,,,,,,,,,0.994476,0.0,,,
7,7,3hb,3hv,79.0,21.0,,,,,,film,2.0,mm,600.0,mm^2,,,,,yes,a_mwcnts,0.5,reinforcement,,0.0,not_applicable,,0.0,not_applicable,99.5,10993-5,,,murine_fibroblasts_l929,mouse,direct_contact,,,,,,,,48.0,hours,37.0,celsius,,,,,,,,,,,,,,,,,0.995311,0.0,,,
7,8,3hb,3hv,79.0,21.0,,,,,,film,2.0,mm,600.0,mm^2,,,,,yes,a_mwcnts,1.0,reinforcement,,0.0,not_applicable,,0.0,not_applicable,99.0,10993-5,,,murine_fibroblasts_l929,mouse,direct_contact,,,,,,,,48.0,hours,37.0,celsius,,,,,,,,,,,,,,,,,0.990602,0.0,,,
7,9,3hb,3hv,79.0,21.0,,,,,,film,2.0,mm,600.0,mm^2,,,,,yes,a_mwcnts,1.5,reinforcement,,0.0,not_applicable,,0.0,not_applicable,98.5,10993-5,,,murine_fibroblasts_l929,mouse,direct_contact,,,,,,,,48.0,hours,37.0,celsius,,,,,,,,,,,,,,,,,0.991987,0.0,,,
8,1,3hb,3hv,91.4,8.6,140000.0,g/mol,73684.21052631579,,1.9,microsphere,,,,,,,,,yes,peg_1100,30.0,stabilizer,,0.0,not_applicable,,0.0,not_applicable,70.0,,,mtt,dental_pulp_fibroblasts,human,indirect_contact,9600.0,cells/well,serum_free_mem,,,,,24.0,hours,37.0,celsius,5.0,humidified,,,,,,,,,77.2670468572409,non-toxic,,,,,,,,,
8,2,3hb,3hv,91.4,8.6,140000.0,g/mol,73684.21052631579,,1.9,microsphere,,,,,,,,,yes,peg_10000,30.0,stabilizer,,0.0,not_applicable,,0.0,not_applicable,70.0,,,mtt,dental_pulp_fibroblasts,human,indirect_contact,9600.0,cells/well,serum_free_mem,,,,,24.0,hours,37.0,celsius,5.0,humidified,,,,,,,,,100.395227119281,non-toxic,,,,,,,,,
8,3,3hb,3hv,91.4,8.6,140000.0,g/mol,73684.21052631579,,1.9,microsphere,,,,,,,,,no,,0.0,not_applicable,,0.0,not_applicable,,0.0,not_applicable,100.0,,,mtt,dental_pulp_fibroblasts,human,indirect_contact,9600.0,cells/well,serum_free_mem,,,,,24.0,hours,37.0,celsius,5.0,humidified,,,,,,,,,102.550735544884,non-toxic,,,,,,,,,
8,4,3hb,3hv,91.4,8.6,140000.0,g/mol,73684.21052631579,,1.9,microsphere,,,,,,,,,yes,peg_1100,30.0,stabilizer,,0.0,not_applicable,,0.0,not_applicable,70.0,,,mtt,dental_pulp_fibroblasts,human,indirect_contact,9600.0,cells/well,serum_free_mem,,,,,48.0,hours,37.0,celsius,5.0,humidified,,,,,,,,,71.74,non-toxic,,,,,,,,,
8,5,3hb,3hv,91.4,8.6,140000.0,g/mol,73684.21052631579,,1.9,microsphere,,,,,,,,,yes,peg_10000,30.0,stabilizer,,0.0,not_applicable,,0.0,not_applicable,70.0,,,mtt,dental_pulp_fibroblasts,human,indirect_contact,9600.0,cells/well,serum_free_mem,,,,,48.0,hours,37.0,celsius,5.0,humidified,,,,,,,,,89.6941266074842,non-toxic,,,,,,,,,
8,6,3hb,3hv,91.4,8.6,140000.0,g/mol,73684.21052631579,,1.9,microsphere,,,,,,,,,no,,0.0,not_applicable,,0.0,not_applicable,,0.0,not_applicable,100.0,,,mtt,dental_pulp_fibroblasts,human,indirect_contact,9600.0,cells/well,serum_free_mem,,,,,48.0,hours,37.0,celsius,5.0,humidified,,,,,,,,,105.139715908005,non-toxic,,,,,,,,,
9,1,3hb,,100.0,0.0,,g/mol,450000.0,,,film,,,,,,,,,no,,0.0,not_applicable,,0.0,not_applicable,,0.0,not_applicable,100.0,10993-5,,,vero_cells,monkey,indirect_contact,200000.0,cells/well,ham-f10_medium_fcs_10,,,,,24.0,hours,37.0,celsius,,,,,,,,,,639.143755181557,,,,,,,,,,,
9,2,3hb,,100.0,0.0,,g/mol,450000.0,,,film,,,,,,,,,yes,ppd,20.0,plasticizer,,0.0,not_applicable,,0.0,not_applicable,80.0,10993-5,,,vero_cells,monkey,indirect_contact,200000.0,cells/well,ham-f10_medium_fcs_10,,,,,24.0,hours,37.0,celsius,,,,,,,,,,648.318066787087,,,,,,,,,,,
9,3,3hb,,100.0,0.0,,g/mol,450000.0,,,film,,,,,,,,,yes,ppd,50.0,plasticizer,,0.0,not_applicable,,0.0,not_applicable,50.0,10993-5,,,vero_cells,monkey,indirect_contact,200000.0,cells/well,ham-f10_medium_fcs_10,,,,,24.0,hours,37.0,celsius,,,,,,,,,,758.409806053448,,,,,,,,,,,
9,4,3hb,,100.0,0.0,,g/mol,450000.0,,,film,,,,,,,,,yes,ppd,80.0,plasticizer,,0.0,not_applicable,,0.0,not_applicable,20.0,10993-5,,,vero_cells,monkey,indirect_contact,200000.0,cells/well,ham-f10_medium_fcs_10,,,,,24.0,hours,37.0,celsius,,,,,,,,,,729.357807636862,,,,,,,,,,,
9,5,3hb,,100.0,0.0,,g/mol,450000.0,,,film,,,,,,,,,no,,0.0,not_applicable,,0.0,not_applicable,,0.0,not_applicable,100.0,10993-5,,,vero_cells,monkey,direct_contact,200000.0,cells/well,ham-f10_medium_fcs_10,,,,,24.0,hours,37.0,celsius,,,,,,,,,,444.794945711686,,,,,,,,,,,
9,6,3hb,,100.0,0.0,,g/mol,450000.0,,,film,,,,,,,,,yes,ppd,20.0,plasticizer,,0.0,not_applicable,,0.0,not_applicable,80.0,10993-5,,,vero_cells,monkey,direct_contact,200000.0,cells/well,ham-f10_medium_fcs_10,,,,,24.0,hours,37.0,celsius,,,,,,,,,,340.694011570589,,,,,,,,,,,
9,7,3hb,,100.0,0.0,,g/mol,450000.0,,,film,,,,,,,,,yes,ppd,50.0,plasticizer,,0.0,not_applicable,,0.0,not_applicable,50.0,10993-5,,,vero_cells,monkey,direct_contact,200000.0,cells/well,ham-f10_medium_fcs_10,,,,,24.0,hours,37.0,celsius,,,,,,,,,,373.817031147134,,,,,,,,,,,
9,8,3hb,,100.0,0.0,,g/mol,450000.0,,,film,,,,,,,,,yes,ppd,80.0,plasticizer,,0.0,not_applicable,,0.0,not_applicable,20.0,10993-5,,,vero_cells,monkey,direct_contact,200000.0,cells/well,ham-f10_medium_fcs_10,,,,,24.0,hours,37.0,celsius,,,,,,,,,,370.977914564551,,,,,,,,,,,
10,1,3hb,,100.0,0.0,230000.0,g/mol,87000.0,,2.6436781609195403,disc,,,,,10.0,mm,,,yes,peg,74.5,plasticizer,,0.0,not_applicable,,0.0,not_applicable,25.5,,f895-84,agarose_overlay,mouse_fibroblasts_l929,mouse,,,,mem_fbs10_neaa_agar,,,,,24.0,hours,37.0,celsius,5.0,humidified,,,,,,,,,,,,,,,,0.0,0.0,,
11,1,3hb,,100.0,0.0,230000.0,g/mol,100000.00000000001,,2.3,fiber,2.8,mm,,,2.0,μm,,,yes,plga,90.0,carrier,,0.0,not_applicable,,0.0,not_applicable,10.0,10993-5,,mtt,mouse_fibroblasts_l929,mouse,indirect_contact,2000000.0,cells/well,mem_penicilin_streptomycin_lglutamine,,,,,72.0,hours,37.0,celsius,5.0,humidified,,,,,,,,,100.0,non-toxic,,,,,,0.0,,,
11,2,3hb,,100.0,0.0,230000.0,g/mol,100000.00000000001,,2.3,fiber,2.7,mm,,,2.0,μm,,,yes,plga,81.0,carrier,igf1,10.0,activator,,0.0,not_applicable,9.0,10993-5,,mtt,mouse_fibroblasts_l929,mouse,indirect_contact,2000000.0,cells/well,mem_penicilin_streptomycin_lglutamine,,,,,72.0,hours,37.0,celsius,5.0,humidified,,,,,,,,,100.0,non-toxic,,,,,,0.0,,,
11,3,3hb,,100.0,0.0,230000.0,g/mol,100000.00000000001,,2.3,fiber,2.8,mm,,,2.0,μm,,,yes,plga,90.0,carrier,,0.0,not_applicable,,0.0,not_applicable,10.0,10993-5,,mtt,mouse_fibroblasts_l929,mouse,indirect_contact,2000000.0,cells/well,mem_penicilin_streptomycin_lglutamine_calf_serum,,,,,72.0,hours,37.0,celsius,5.0,humidified,,,,,,,,,100.0,non-toxic,,,,,,0.0,,,
11,4,3hb,,100.0,0.0,230000.0,g/mol,100000.00000000001,,2.3,fiber,2.7,mm,,,2.0,μm,,,yes,plga,81.0,carrier,igf1,10.0,activator,,0.0,not_applicable,9.0,10993-5,,mtt,mouse_fibroblasts_l929,mouse,indirect_contact,2000000.0,cells/well,mem_penicilin_streptomycin_lglutamine_calf_serum,,,,,72.0,hours,37.0,celsius,5.0,humidified,,,,,,,,,99.0,non-toxic,,,,,,0.0,,,
11,5,3hb,,100.0,0.0,230000.0,g/mol,100000.00000000001,,2.3,fiber,2.8,mm,,,2.0,μm,,,yes,plga,90.0,carrier,,0.0,not_applicable,,0.0,not_applicable,10.0,10993-5,,mtt,mouse_fibroblasts_l929,mouse,direct_contact,2000000.0,cells/well,mem,,,,,72.0,hours,37.0,celsius,5.0,humidified,,,,,,,,,99.0,non-toxic,,,,,,0.0,,,
11,6,3hb,,100.0,0.0,230000.0,g/mol,100000.00000000001,,2.3,fiber,2.7,mm,,,2.0,μm,,,yes,plga,81.0,carrier,igf1,10.0,activator,,0.0,not_applicable,9.0,10993-5,,mtt,mouse_fibroblasts_l929,mouse,direct_contact,2000000.0,cells/well,mem,,,,,72.0,hours,37.0,celsius,5.0,humidified,,,,,,,,,100.0,non-toxic,,,,,,0.0,,,
12,1,3hb,,100.0,0.0,,,,,,nanoparticle,,,,,100.0,nm,,,yes,pva,90.9,stabilizer,,0.0,not_applicable,,0.0,not_applicable,9.1,,,mtt,hek293,human,,50000.0,cells/well,,,,,,,,37.0,celsius,5.0,humidified,,,,,,,,,99.0,non-toxic,,,,,,,,,
12,2,3hb,,100.0,0.0,,,,,,nanoparticle,,,,,165.0,nm,,,yes,pva,87.0,stabilizer,as2o3,4.3,persevative,,0.0,not_applicable,8.7,,,mtt,hek293,human,,50000.0,cells/well,,,,,,,,37.0,celsius,5.0,humidified,,,,,,,,,96.0,non-toxic,,,,,,,,,
12,3,3hb,,100.0,0.0,,,,,,nanoparticle,,,,,175.0,nm,,,yes,pva,85.1,stabilizer,as2o3,4.3,persevative,folate,2.1,target_ligard,8.5,,,mtt,hek293,human,,50000.0,cells/well,,,,,,,,37.0,celsius,5.0,humidified,,,,,,,,,90.0,non-toxic,,,,,,,,,
13,1,3hb,3hv,88.0,12.0,,,,,,nanotube,,,,,,,,,yes,hnt,28.0,carrier,,0.0,not_applicable,,0.0,not_applicable,72.0,,,mtt,mouse_fibroblasts_l929,mouse,indirect_contact,4000.0,cells/well,rpmi_fbs_lglutamine_streptomycin_penicillin,rpmi_fbs_lglutamine_streptomycin_penicillin,,,1.0,72.0,hours,37.0,celsius,5.0,humidified,,,,,,,,,68.0,toxic,,,,,,,,,
13,2,3hb,3hv,88.0,12.0,,,,,,nanotube,,,,,,,,,yes,hnt,26.04,carrier,sr,1.96,activator,,0.0,not_applicable,72.0,,,mtt,mouse_fibroblasts_l929,mouse,indirect_contact,4000.0,cells/well,rpmi_fbs_lglutamine_streptomycin_penicillin,rpmi_fbs_lglutamine_streptomycin_penicillin,,,1.0,72.0,hours,37.0,celsius,5.0,humidified,,,,,,,,,63.0,toxic,,,,,,,,,
13,3,3hb,3hv,88.0,12.0,,,,,,nanotube,,,,,,,,,yes,hnt,28.0,carrier,,0.0,not_applicable,,0.0,not_applicable,72.0,,,mtt,mouse_fibroblasts_l929,mouse,indirect_contact,4000.0,cells/well,rpmi_fbs_lglutamine_streptomycin_penicillin,rpmi_fbs_lglutamine_streptomycin_penicillin,,,2.0,72.0,hours,37.0,celsius,5.0,humidified,,,,,,,,,76.0,non-toxic,,,,,,,,,
13,4,3hb,3hv,88.0,12.0,,,,,,nanotube,,,,,,,,,yes,hnt,26.04,carrier,sr,1.96,activator,,0.0,not_applicable,72.0,,,mtt,mouse_fibroblasts_l929,mouse,indirect_contact,4000.0,cells/well,rpmi_fbs_lglutamine_streptomycin_penicillin,rpmi_fbs_lglutamine_streptomycin_penicillin,,,2.0,72.0,hours,37.0,celsius,5.0,humidified,,,,,,,,,76.0,non-toxic,,,,,,,,,
13,5,3hb,3hv,88.0,12.0,,,,,,nanotube,,,,,,,,,yes,hnt,28.0,carrier,,0.0,not_applicable,,0.0,not_applicable,72.0,,,mtt,mouse_fibroblasts_l929,mouse,indirect_contact,4000.0,cells/well,rpmi_fbs_lglutamine_streptomycin_penicillin,rpmi_fbs_lglutamine_streptomycin_penicillin,,,4.0,72.0,hours,37.0,celsius,5.0,humidified,,,,,,,,,87.0,non-toxic,,,,,,,,,
13,6,3hb,3hv,88.0,12.0,,,,,,nanotube,,,,,,,,,yes,hnt,26.04,carrier,sr,1.96,activator,,0.0,not_applicable,72.0,,,mtt,mouse_fibroblasts_l929,mouse,indirect_contact,4000.0,cells/well,rpmi_fbs_lglutamine_streptomycin_penicillin,rpmi_fbs_lglutamine_streptomycin_penicillin,,,4.0,72.0,hours,37.0,celsius,5.0,humidified,,,,,,,,,81.0,non-toxic,,,,,,,,,
13,7,3hb,3hv,88.0,12.0,,,,,,nanotube,,,,,,,,,yes,hnt,28.0,carrier,,0.0,not_applicable,,0.0,not_applicable,72.0,,,tryptan_blue_assay,mouse_fibroblasts_l929,mouse,indirect_contact,4000.0,cells/well,rpmi_fbs_lglutamine_streptomycin_penicillin,rpmi_fbs_lglutamine_streptomycin_penicillin,,,1.0,72.0,hours,37.0,celsius,5.0,humidified,,,,,,,,,96.0,non-toxic,,,,,,,,,
13,8,3hb,3hv,88.0,12.0,,,,,,nanotube,,,,,,,,,yes,hnt,26.04,carrier,sr,1.96,activator,,0.0,not_applicable,72.0,,,tryptan_blue_assay,mouse_fibroblasts_l929,mouse,indirect_contact,4000.0,cells/well,rpmi_fbs_lglutamine_streptomycin_penicillin,rpmi_fbs_lglutamine_streptomycin_penicillin,,,1.0,72.0,hours,37.0,celsius,5.0,humidified,,,,,,,,,92.0,non-toxic,,,,,,,,,
13,9,3hb,3hv,88.0,12.0,,,,,,nanotube,,,,,,,,,yes,hnt,28.0,carrier,,0.0,not_applicable,,0.0,not_applicable,72.0,,,tryptan_blue_assay,mouse_fibroblasts_l929,mouse,indirect_contact,4000.0,cells/well,rpmi_fbs_lglutamine_streptomycin_penicillin,rpmi_fbs_lglutamine_streptomycin_penicillin,,,2.0,72.0,hours,37.0,celsius,5.0,humidified,,,,,,,,,97.0,non-toxic,,,,,,,,,
13,10,3hb,3hv,88.0,12.0,,,,,,nanotube,,,,,,,,,yes,hnt,26.04,carrier,sr,1.96,activator,,0.0,not_applicable,72.0,,,tryptan_blue_assay,mouse_fibroblasts_l929,mouse,indirect_contact,4000.0,cells/well,rpmi_fbs_lglutamine_streptomycin_penicillin,rpmi_fbs_lglutamine_streptomycin_penicillin,,,2.0,72.0,hours,37.0,celsius,5.0,humidified,,,,,,,,,97.0,non-toxic,,,,,,,,,
13,11,3hb,3hv,88.0,12.0,,,,,,nanotube,,,,,,,,,yes,hnt,28.0,carrier,,0.0,not_applicable,,0.0,not_applicable,72.0,,,tryptan_blue_assay,mouse_fibroblasts_l929,mouse,indirect_contact,4000.0,cells/well,rpmi_fbs_lglutamine_streptomycin_penicillin,rpmi_fbs_lglutamine_streptomycin_penicillin,,,4.0,72.0,hours,37.0,celsius,5.0,humidified,,,,,,,,,96.0,non-toxic,,,,,,,,,
13,12,3hb,3hv,88.0,12.0,,,,,,nanotube,,,,,,,,,yes,hnt,26.04,carrier,sr,1.96,activator,,0.0,not_applicable,72.0,,,tryptan_blue_assay,mouse_fibroblasts_l929,mouse,indirect_contact,4000.0,cells/well,rpmi_fbs_lglutamine_streptomycin_penicillin,rpmi_fbs_lglutamine_streptomycin_penicillin,,,4.0,72.0,hours,37.0,celsius,5.0,humidified,,,,,,,,,96.0,non-toxic,,,,,,,,,
14,1,3hb,3hv,95.0,5.0,,,,,,membrane,0.3,mm,,,,,,,no,,0.0,not_applicable,,0.0,not_applicable,,0.0,not_applicable,100.0,10993-5,,bca,l929_fibroblasts,mouse,indirect_contact,,,dmem_fcs10,dmem_fcs10,,,1.0,72.0,hours,37.0,celsius,5.0,humidified,,,,,,,,,,,,,,,,,,,6.71
15,1,3hb,,100.0,0.0,230000.0,g/mol,87000.0,,2.6436781609195403,,,,,,,,,,yes,pdmaema,66.6,condensator,,0.0,not_applicable,,0.0,not_applicable,33.4,,,mtt,hek293,human,indirect_contact,30000.0,cells/well,dmem_fcs10,dmem_fcs10,,,1.0,72.0,hours,37.0,celsius,5.0,humidified,,,,,,,,,64.9928263988522,toxic,,,,,,,,,
15,2,3hb,,100.0,0.0,230000.0,g/mol,87000.0,,2.6436781609195403,,,,,,,,,,yes,pdmaema,66.6,condensator,,0.0,not_applicable,,0.0,not_applicable,33.4,,,mtt,hek293,human,indirect_contact,30000.0,cells/well,dmem_fcs10,dmem_fcs10,,,2.0,72.0,hours,37.0,celsius,5.0,humidified,,,,,,,,,67.4318507890961,toxic,,,,,,,,,
15,3,3hb,,100.0,0.0,230000.0,g/mol,87000.0,,2.6436781609195403,,,,,,,,,,yes,pdmaema,66.6,condensator,,0.0,not_applicable,,0.0,not_applicable,33.4,,,mtt,hek293,human,indirect_contact,30000.0,cells/well,dmem_fcs10,dmem_fcs10,,,4.0,72.0,hours,37.0,celsius,5.0,humidified,,,,,,,,,70.4447632711621,non-toxic,,,,,,,,,
15,4,3hb,,100.0,0.0,230000.0,g/mol,87000.0,,2.6436781609195403,,,,,,,,,,yes,pdmaema,66.6,condensator,,0.0,not_applicable,,0.0,not_applicable,33.4,,,mtt,hek293,human,indirect_contact,30000.0,cells/well,dmem_fcs10,dmem_fcs10,,,8.0,72.0,hours,37.0,celsius,5.0,humidified,,,,,,,,,73.0272596843615,non-toxic,,,,,,,,,
15,5,3hb,,100.0,0.0,230000.0,g/mol,87000.0,,2.6436781609195403,,,,,,,,,,yes,pdmaema,66.6,condensator,,0.0,not_applicable,,0.0,not_applicable,33.4,,,mtt,hek293,human,indirect_contact,30000.0,cells/well,dmem_fcs10,dmem_fcs10,,,16.0,72.0,hours,37.0,celsius,5.0,humidified,,,,,,,,,78.4791965566714,non-toxic,,,,,,,,,
15,6,3hb,,100.0,0.0,230000.0,g/mol,87000.0,,2.6436781609195403,,,,,,,,,,yes,pdmaema,66.6,condensator,,0.0,not_applicable,,0.0,not_applicable,33.4,,,mtt,hek293,human,indirect_contact,30000.0,cells/well,dmem_fcs10,dmem_fcs10,,,32.0,72.0,hours,37.0,celsius,5.0,humidified,,,,,,,,,84.93543758967,non-toxic,,,,,,,,,
15,7,3hb,,100.0,0.0,230000.0,g/mol,87000.0,,2.6436781609195403,,,,,,,,,,yes,pdmaema,91.2,condensator,,0.0,not_applicable,,0.0,not_applicable,8.8,,,mtt,hek293,human,indirect_contact,30000.0,cells/well,dmem_fcs10,dmem_fcs10,,,1.0,72.0,hours,37.0,celsius,5.0,humidified,,,,,,,,,63.4146341463414,toxic,,,,,,,,,
15,8,3hb,,100.0,0.0,230000.0,g/mol,87000.0,,2.6436781609195403,,,,,,,,,,yes,pdmaema,91.2,condensator,,0.0,not_applicable,,0.0,not_applicable,8.8,,,mtt,hek293,human,indirect_contact,30000.0,cells/well,dmem_fcs10,dmem_fcs10,,,2.0,72.0,hours,37.0,celsius,5.0,humidified,,,,,,,,,60.2582496413199,toxic,,,,,,,,,
15,9,3hb,,100.0,0.0,230000.0,g/mol,87000.0,,2.6436781609195403,,,,,,,,,,yes,pdmaema,91.2,condensator,,0.0,not_applicable,,0.0,not_applicable,8.8,,,mtt,hek293,human,indirect_contact,30000.0,cells/well,dmem_fcs10,dmem_fcs10,,,4.0,72.0,hours,37.0,celsius,5.0,humidified,,,,,,,,,62.9842180774749,toxic,,,,,,,,,
15,10,3hb,,100.0,0.0,230000.0,g/mol,87000.0,,2.6436781609195403,,,,,,,,,,yes,pdmaema,91.2,condensator,,0.0,not_applicable,,0.0,not_applicable,8.8,,,mtt,hek293,human,indirect_contact,30000.0,cells/well,dmem_fcs10,dmem_fcs10,,,8.0,72.0,hours,37.0,celsius,5.0,humidified,,,,,,,,,62.9842180774749,toxic,,,,,,,,,
15,11,3hb,,100.0,0.0,230000.0,g/mol,87000.0,,2.6436781609195403,,,,,,,,,,yes,pdmaema,91.2,condensator,,0.0,not_applicable,,0.0,not_applicable,8.8,,,mtt,hek293,human,indirect_contact,30000.0,cells/well,dmem_fcs10,dmem_fcs10,,,16.0,72.0,hours,37.0,celsius,5.0,humidified,,,,,,,,,77.1879483500717,non-toxic,,,,,,,,,
15,12,3hb,,100.0,0.0,230000.0,g/mol,87000.0,,2.6436781609195403,,,,,,,,,,yes,pdmaema,91.2,condensator,,0.0,not_applicable,,0.0,not_applicable,8.8,,,mtt,hek293,human,indirect_contact,30000.0,cells/well,dmem_fcs10,dmem_fcs10,,,32.0,72.0,hours,37.0,celsius,5.0,humidified,,,,,,,,,78.909612625538,non-toxic,,,,,,,,,
16,1,3hb,,100.0,0.0,,,,,,nanoparticle,,,,,,,,,yes,phosphatidylcholine,70.0,builder,cholesterol,20.0,stabilizer,,0.0,not_applicable,10.0,,,mtt,hek,human,indirect_contact,25000.0,cells/well,kgm_gold_penicillin_streptomycin_amphotericin_b,,,,,,,,,,,,,,,,,,,69.9630996309963,toxic,,,,,,,,,
16,2,3hb,,100.0,0.0,,,,,,nanoparticle,,,,,,,,,yes,phosphatidylcholine,70.0,builder,cholesterol,20.0,stabilizer,,0.0,not_applicable,10.0,,,mtt,hek,human,indirect_contact,25000.0,cells/well,kgm_gold_penicillin_streptomycin_amphotericin_b,,,,,,,,,,,,,,,,,,,76.1623616236162,non-toxic,,,,,,,,,
16,3,3hb,,100.0,0.0,,,,,,nanoparticle,,,,,,,,,yes,phosphatidylcholine,70.0,builder,cholesterol,20.0,stabilizer,,0.0,not_applicable,10.0,,,mtt,hek,human,indirect_contact,25000.0,cells/well,kgm_gold_penicillin_streptomycin_amphotericin_b,,,,,,,,,,,,,,,,,,,85.239852398524,non-toxic,,,,,,,,,
16,4,3hb,,100.0,0.0,,,,,,nanoparticle,,,,,,,,,yes,phosphatidylcholine,70.0,builder,cholesterol,20.0,stabilizer,,0.0,not_applicable,10.0,,,mtt,hek,human,indirect_contact,25000.0,cells/well,kgm_gold_penicillin_streptomycin_amphotericin_b,,,,,,,,,,,,,,,,,,,73.055350553505,non-toxic,,,,,,,,,
16,5,3hb,,100.0,0.0,,,,,,nanoparticle,,,,,,,,,yes,phosphatidylcholine,70.0,builder,cholesterol,20.0,stabilizer,,0.0,not_applicable,10.0,,,mtt,hek,human,indirect_contact,25000.0,cells/well,kgm_gold_penicillin_streptomycin_amphotericin_b,,,,,,,,,,,,,,,,,,,69.520295202952,toxic,,,,,,,,,
16,6,3hb,,100.0,0.0,,,,,,nanoparticle,,,,,,,,,yes,phosphatidylcholine,70.0,builder,cholesterol,20.0,stabilizer,,0.0,not_applicable,10.0,,,mtt,hek,human,indirect_contact,25000.0,cells/well,kgm_gold_penicillin_streptomycin_amphotericin_b,,,,,,,,,,,,,,,,,,,60.0,toxic,,,,,,,,,
16,7,3hb,,100.0,0.0,,,,,,nanoparticle,,,,,,,,,yes,phosphatidylcholine,70.0,builder,cholesterol,20.0,stabilizer,,0.0,not_applicable,10.0,,,mtt,hek,human,indirect_contact,25000.0,cells/well,kgm_gold_penicillin_streptomycin_amphotericin_b,,,,,,,,,,,,,,,,,,,54.0221402214022,toxic,,,,,,,,,
16,8,3hb,,100.0,0.0,,,,,,nanoparticle,,,,,,,,,yes,phosphatidylcholine,70.0,builder,cholesterol,20.0,stabilizer,,0.0,not_applicable,10.0,,,alamar_blue,hacat,human,indirect_contact,25000.0,cells/well,kgm_gold_penicillin_streptomycin_amphotericin_b,,,,,,,,,,,,,,,,,,,97.4664679582712,non-toxic,,,,,,,,,
16,9,3hb,,100.0,0.0,,,,,,nanoparticle,,,,,,,,,yes,phosphatidylcholine,70.0,builder,cholesterol,20.0,stabilizer,,0.0,not_applicable,10.0,,,alamar_blue,hacat,human,indirect_contact,25000.0,cells/well,kgm_gold_penicillin_streptomycin_amphotericin_b,,,,,,,,,,,,,,,,,,,93.8897168405365,non-toxic,,,,,,,,,
16,10,3hb,,100.0,0.0,,,,,,nanoparticle,,,,,,,,,yes,phosphatidylcholine,70.0,builder,cholesterol,20.0,stabilizer,,0.0,not_applicable,10.0,,,alamar_blue,hacat,human,indirect_contact,25000.0,cells/well,kgm_gold_penicillin_streptomycin_amphotericin_b,,,,,,,,,,,,,,,,,,,92.6378539493293,non-toxic,,,,,,,,,
16,11,3hb,,100.0,0.0,,,,,,nanoparticle,,,,,,,,,yes,phosphatidylcholine,70.0,builder,cholesterol,20.0,stabilizer,,0.0,not_applicable,10.0,,,alamar_blue,hacat,human,indirect_contact,25000.0,cells/well,kgm_gold_penicillin_streptomycin_amphotericin_b,,,,,,,,,,,,,,,,,,,90.3129657228017,non-toxic,,,,,,,,,
16,12,3hb,,100.0,0.0,,,,,,nanoparticle,,,,,,,,,yes,phosphatidylcholine,70.0,builder,cholesterol,20.0,stabilizer,,0.0,not_applicable,10.0,,,alamar_blue,hacat,human,indirect_contact,25000.0,cells/well,kgm_gold_penicillin_streptomycin_amphotericin_b,,,,,,,,,,,,,,,,,,,85.3055141579731,non-toxic,,,,,,,,,
16,13,3hb,,100.0,0.0,,,,,,nanoparticle,,,,,,,,,yes,phosphatidylcholine,70.0,builder,cholesterol,20.0,stabilizer,,0.0,not_applicable,10.0,,,alamar_blue,hacat,human,indirect_contact,25000.0,cells/well,kgm_gold_penicillin_streptomycin_amphotericin_b,,,,,,,,,,,,,,,,,,,80.655737704918,non-toxic,,,,,,,,,
16,14,3hb,,100.0,0.0,,,,,,nanoparticle,,,,,,,,,yes,phosphatidylcholine,70.0,builder,cholesterol,20.0,stabilizer,,0.0,not_applicable,10.0,,,alamar_blue,hacat,human,indirect_contact,25000.0,cells/well,kgm_gold_penicillin_streptomycin_amphotericin_b,,,,,,,,,,,,,,,,,,,66.7064083457526,toxic,,,,,,,,,
17,1,3hb,3hv,90.8,9.2,273000.0,,,,,microsphere,,,,,,,,,yes,pcl,10.0,modulator,,0.0,not_applicable,,0.0,not_applicable,90.0,,,mtt,mouse_melanoma_b_16,mouse,indirect_contact,5000.0,cells/well,dmem_10fbs_l_glutamine_penicillin_streptomycin,dmem_10fbs_l_glutamine_penicillin_streptomycin,,,1.0,48.0,hours,37.0,celsius,5.0,humidified,,,,,,,,,66.86363528188599,toxic,,,,,,,,,
17,2,3hb,3hv,90.8,9.2,23000.0,,,,,microsphere,,,,,,,,,yes,pcl,20.0,modulator,,0.0,not_applicable,,0.0,not_applicable,80.0,,,mtt,mouse_melanoma_b_16,mouse,indirect_contact,5000.0,cells/well,dmem_10fbs_l_glutamine_penicillin_streptomycin,dmem_10fbs_l_glutamine_penicillin_streptomycin,,,1.0,48.0,hours,37.0,celsius,5.0,humidified,,,,,,,,,61.7499989921397,toxic,,,,,,,,,
17,3,3hb,3hv,90.8,9.2,23000.0,,,,,microsphere,,,,,,,,,yes,pcl,10.0,modulator,,0.0,not_applicable,,0.0,not_applicable,90.0,,,mtt,mouse_melanoma_b_16,mouse,indirect_contact,5000.0,cells/well,dmem_10fbs_l_glutamine_penicillin_streptomycin,dmem_10fbs_l_glutamine_penicillin_streptomycin,,,1.0,48.0,hours,37.0,celsius,5.0,humidified,,,,,,,,,69.9999978325585,toxic,,,,,,,,,
17,4,3hb,3hv,90.8,9.2,273000.0,,,,,microsphere,,,,,,,,,yes,pcl,10.0,modulator,,0.0,not_applicable,,0.0,not_applicable,90.0,,,mtt,mouse_melanoma_b_16,mouse,indirect_contact,5000.0,cells/well,dmem_10fbs_l_glutamine_penicillin_streptomycin,dmem_10fbs_l_glutamine_penicillin_streptomycin,,,2.0,48.0,hours,37.0,celsius,5.0,humidified,,,,,,,,,88.8863617162075,non-toxic,,,,,,,,,
17,5,3hb,3hv,90.8,9.2,23000.0,,,,,microsphere,,,,,,,,,yes,pcl,20.0,modulator,,0.0,not_applicable,,0.0,not_applicable,80.0,,,mtt,mouse_melanoma_b_16,mouse,indirect_contact,5000.0,cells/well,dmem_10fbs_l_glutamine_penicillin_streptomycin,dmem_10fbs_l_glutamine_penicillin_streptomycin,,,2.0,48.0,hours,37.0,celsius,5.0,humidified,,,,,,,,,77.6363618787656,non-toxic,,,,,,,,,
17,6,3hb,3hv,90.8,9.2,23000.0,,,,,microsphere,,,,,,,,,yes,pcl,10.0,modulator,,0.0,not_applicable,,0.0,not_applicable,90.0,,,mtt,mouse_melanoma_b_16,mouse,indirect_contact,5000.0,cells/well,dmem_10fbs_l_glutamine_penicillin_streptomycin,dmem_10fbs_l_glutamine_penicillin_streptomycin,,,2.0,48.0,hours,37.0,celsius,5.0,humidified,,,,,,,,,72.7272705204231,non-toxic,,,,,,,,,
17,7,3hb,3hv,90.8,9.2,273000.0,,,,,microsphere,,,,,,,,,yes,pcl,10.0,modulator,,0.0,not_applicable,,0.0,not_applicable,90.0,,,mtt,mouse_melanoma_b_16,mouse,indirect_contact,5000.0,cells/well,dmem_10fbs_l_glutamine_penicillin_streptomycin,dmem_10fbs_l_glutamine_penicillin_streptomycin,,,10.0,48.0,hours,37.0,celsius,5.0,humidified,,,,,,,,,89.8409081973321,non-toxic,,,,,,,,,
17,8,3hb,3hv,90.8,9.2,23000.0,,,,,microsphere,,,,,,,,,yes,pcl,20.0,modulator,,0.0,not_applicable,,0.0,not_applicable,80.0,,,mtt,mouse_melanoma_b_16,mouse,indirect_contact,5000.0,cells/well,dmem_10fbs_l_glutamine_penicillin_streptomycin,dmem_10fbs_l_glutamine_penicillin_streptomycin,,,10.0,48.0,hours,37.0,celsius,5.0,humidified,,,,,,,,,79.8181805492433,non-toxic,,,,,,,,,
17,9,3hb,3hv,90.8,9.2,23000.0,,,,,microsphere,,,,,,,,,yes,pcl,10.0,modulator,,0.0,not_applicable,,0.0,not_applicable,90.0,,,mtt,mouse_melanoma_b_16,mouse,indirect_contact,5000.0,cells/well,dmem_10fbs_l_glutamine_penicillin_streptomycin,dmem_10fbs_l_glutamine_penicillin_streptomycin,,,10.0,48.0,hours,37.0,celsius,5.0,humidified,,,,,,,,,78.9999982226979,non-toxic,,,,,,,,,
18,1,3hb,,100.0,0.0,7300.0,g/mol,,,,nanoparticle,,,,,140.0,nm,,,yes,pmla,52.0,carrier,,0.0,not_applicable,,0.0,not_applicable,48.0,,,mtt,heparg_progenitors,human,,,,,,401.5,mg/l,,24.0,hours,37.0,celsius,5.0,,,,,,,,,,86.0,non-toxic,,,,,,,,,
18,2,3hb,,100.0,0.0,7300.0,g/mol,,,,nanoparticle,,,,,140.0,nm,,,yes,pmla,52.0,carrier,,0.0,not_applicable,,0.0,not_applicable,48.0,,,mtt,heparg_progenitors,human,,,,,,401.5,mg/l,,48.0,hours,37.0,celsius,5.0,,,,,,,,,,42.0,toxic,,,,,,,,,
18,3,3hb,,100.0,0.0,7300.0,g/mol,,,,nanoparticle,,,,,140.0,nm,,,yes,pmla,52.0,carrier,,0.0,not_applicable,,0.0,not_applicable,48.0,,,mtt,heparg_progenitors,human,,,,,,200.75,mg/l,,336.0,hours,37.0,celsius,5.0,,,,,,,,,,85.0,non-toxic,,,,,,,,,
18,4,3hb,,100.0,0.0,7300.0,g/mol,,,,nanoparticle,,,,,140.0,nm,,,yes,pmla,52.0,carrier,,0.0,not_applicable,,0.0,not_applicable,48.0,,,mtt,heparg_hepatocytes,human,,,,,,401.5,mg/l,,24.0,hours,37.0,celsius,5.0,,,,,,,,,,99.625468164794,non-toxic,,,,,,,,,
18,5,3hb,,100.0,0.0,7300.0,g/mol,,,,nanoparticle,,,,,140.0,nm,,,yes,pmla,52.0,carrier,,0.0,not_applicable,,0.0,not_applicable,48.0,,,mtt,heparg_hepatocytes,human,,,,,,401.5,mg/l,,48.0,hours,37.0,celsius,5.0,,,,,,,,,,65.9176029962547,toxic,,,,,,,,,
18,6,3hb,,100.0,0.0,7300.0,g/mol,,,,nanoparticle,,,,,140.0,nm,,,yes,pmla,52.0,carrier,,0.0,not_applicable,,0.0,not_applicable,48.0,,,mtt,heparg_hepatocytes,human,,,,,,200.75,mg/l,,336.0,hours,37.0,celsius,5.0,,,,,,,,,,58.0,toxic,,,,,,,,,
18,7,3hb,,100.0,0.0,7300.0,g/mol,,,,nanoparticle,,,,,140.0,nm,,,yes,pmla,52.0,carrier,,0.0,not_applicable,,0.0,not_applicable,48.0,,,mtt,sk_mel_28_melanoma_cells,human,,,,,,100.74,mg/l,,24.0,hours,37.0,celsius,5.0,,,,,,,,,,84.4106463878327,non-toxic,,,,,,,,,
18,8,3hb,,100.0,0.0,7300.0,g/mol,,,,nanoparticle,,,,,140.0,nm,,,yes,pmla,52.0,carrier,,0.0,not_applicable,,0.0,not_applicable,48.0,,,mtt,sk_mel_28_melanoma_cells,human,,,,,,100.74,mg/l,,48.0,hours,37.0,celsius,5.0,,,,,,,,,,76.9961977186311,non-toxic,,,,,,,,,
19,1,3hb,3hv,92.0,8.0,71000.0,g/mol,,,,nanoparticle,,,,,84.75,nm,,,yes,sds,2.5,surfactant,,0.0,not_applicable,,0.0,not_applicable,97.5,,,tryptan_blue_exclusion,mg63,human,indirect_contact,19000.0,cells/well,87_dmem_10fbs_1neaa_1sodium_pyruvate_1penicillin-streptomycin,,1000.0,mg/l,,168.0,hours,37.0,celsius,5.0,humidified,,,,,,,,,,,,,0.0238,1/hours,,,,,
19,2,3hb,3hv,92.0,8.0,71000.0,g/mol,,,,nanoparticle,,,,,84.75,nm,,,yes,sds,2.5,surfactant,,0.0,not_applicable,,0.0,not_applicable,97.5,,,tryptan_blue_exclusion,mg63,human,indirect_contact,19000.0,cells/well,87_dmem_10fbs_1neaa_1sodium_pyruvate_1penicillin-streptomycin,,2500.0,mg/l,,168.0,hours,37.0,celsius,5.0,humidified,,,,,,,,,,,,,0.0226,1/hours,,,,,
20,1,3hb,3hv,88.0,12.0,,,,,,microsphere,,,,,2.46,μm,,,no,,0.0,not_applicable,,0.0,not_applicable,,0.0,not_applicable,100.0,,,diic1_5,jurkat,human,direct_contact,100000.0,cells/well,rpmi-1640,rpmi-1640,500.0,mg/l,,48.0,hours,37.0,celsius,5.0,humidified,,,,,,,,3460.0,76.66,non-toxic,,,,,,,,,
20,2,3hb,3hv,88.0,12.0,,,,,,microsphere,,,,,2.46,μm,,,no,,0.0,not_applicable,,0.0,not_applicable,,0.0,not_applicable,100.0,,,diic1_5,jurkat,human,direct_contact,100000.0,cells/well,rpmi-1640,rpmi-1640,1000.0,mg/l,,48.0,hours,37.0,celsius,5.0,humidified,,,,,,,,1644.0,74.44,non-toxic,,,,,,,,,
20,3,3hb,3hv,88.0,12.0,,,,,,microsphere,,,,,2.46,μm,,,no,,0.0,not_applicable,,0.0,not_applicable,,0.0,not_applicable,100.0,,,diic1_5,jurkat,human,direct_contact,100000.0,cells/well,rpmi-1640,rpmi-1640,1500.0,mg/l,,48.0,hours,37.0,celsius,5.0,humidified,,,,,,,,1271.0,72.96,non-toxic,,,,,,,,,
20,4,3hb,3hv,88.0,12.0,,,,,,microsphere,,,,,2.46,μm,,,no,,0.0,not_applicable,,0.0,not_applicable,,0.0,not_applicable,100.0,,,diic1_5,jurkat,human,direct_contact,100000.0,cells/well,rpmi-1640,rpmi-1640,2000.0,mg/l,,48.0,hours,37.0,celsius,5.0,humidified,,,,,,,,710.0,71.11,non-toxic,,,,,,,,,
20,5,3hb,3hv,88.0,12.0,,,,,,microsphere,,,,,2.46,μm,,,no,,0.0,not_applicable,,0.0,not_applicable,,0.0,not_applicable,100.0,,,diic1_5,ht_29_cells,human,direct_contact,100000.0,cells/well,rpmi-1640,rpmi-1640,500.0,mg/l,,24.0,hours,37.0,celsius,5.0,humidified,,,,,,,,,82.9,non-toxic,,,,,,,,,
20,6,3hb,3hv,88.0,12.0,,,,,,microsphere,,,,,2.46,μm,,,yes,spions,12.5,filler,,0.0,not_applicable,,0.0,not_applicable,87.5,,,diic1_5,jurkat,human,direct_contact,100000.0,cells/well,rpmi-1640,rpmi-1640,1000.0,mg/l,,48.0,hours,37.0,celsius,5.0,humidified,,,,,,,,3570.0,77.4,non-toxic,,,,,,,,,
20,7,3hb,3hv,88.0,12.0,,,,,,microsphere,,,,,2.46,μm,,,yes,spions,12.5,filler,,0.0,not_applicable,,0.0,not_applicable,87.5,,,diic1_5,jurkat,human,direct_contact,100000.0,cells/well,rpmi-1640,rpmi-1640,2000.0,mg/l,,48.0,hours,37.0,celsius,5.0,humidified,,,,,,,,1589.0,75.55,non-toxic,,,,,,,,,
20,8,3hb,3hv,88.0,12.0,,,,,,microsphere,,,,,2.46,μm,,,yes,spions,12.5,filler,,0.0,not_applicable,,0.0,not_applicable,87.5,,,diic1_5,jurkat,human,direct_contact,100000.0,cells/well,rpmi-1640,rpmi-1640,100.0,mg/l,,48.0,hours,37.0,celsius,5.0,humidified,,,,,,,,1046.0,71.85,non-toxic,,,,,,,,,
20,9,3hb,3hv,88.0,12.0,,,,,,microsphere,,,,,2.46,μm,,,yes,spions,12.5,filler,,0.0,not_applicable,,0.0,not_applicable,87.5,,,diic1_5,jurkat,human,direct_contact,100000.0,cells/well,rpmi-1640,rpmi-1640,250.0,mg/l,,48.0,hours,37.0,celsius,5.0,humidified,,,,,,,,915.0,75.18,non-toxic,,,,,,,,,
20,10,3hb,3hv,88.0,12.0,,,,,,microsphere,,,,,2.46,μm,,,yes,spions,12.5,filler,,0.0,not_applicable,,0.0,not_applicable,87.5,,,diic1_5,ht_29_cells,human,direct_contact,100000.0,cells/well,rpmi-1640,rpmi-1640,500.0,mg/l,,24.0,hours,37.0,celsius,5.0,humidified,,,,,,,,,94.92,non-toxic,,,,,,,,,
20,11,3hb,3hv,88.0,12.0,,,,,,microsphere,,,,,2.46,μm,,,yes,spions,20.3,filler,,0.0,not_applicable,,0.0,not_applicable,79.7,,,diic1_5,jurkat,human,direct_contact,100000.0,cells/well,rpmi-1640,rpmi-1640,1000.0,mg/l,,48.0,hours,37.0,celsius,5.0,humidified,,,,,,,,2355.0,78.15,non-toxic,,,,,,,,,
20,12,3hb,3hv,88.0,12.0,,,,,,microsphere,,,,,2.46,μm,,,yes,spions,20.3,filler,,0.0,not_applicable,,0.0,not_applicable,79.7,,,diic1_5,jurkat,human,direct_contact,100000.0,cells/well,rpmi-1640,rpmi-1640,2000.0,mg/l,,48.0,hours,37.0,celsius,5.0,humidified,,,,,,,,1439.0,72.59,non-toxic,,,,,,,,,
20,13,3hb,3hv,88.0,12.0,,,,,,microsphere,,,,,2.46,μm,,,yes,spions,20.3,filler,,0.0,not_applicable,,0.0,not_applicable,79.7,,,diic1_5,jurkat,human,direct_contact,100000.0,cells/well,rpmi-1640,rpmi-1640,100.0,mg/l,,48.0,hours,37.0,celsius,5.0,humidified,,,,,,,,785.0,73.33,non-toxic,,,,,,,,,
20,14,3hb,3hv,88.0,12.0,,,,,,microsphere,,,,,2.46,μm,,,yes,spions,20.3,filler,,0.0,not_applicable,,0.0,not_applicable,79.7,,,diic1_5,jurkat,human,direct_contact,100000.0,cells/well,rpmi-1640,rpmi-1640,250.0,mg/l,,48.0,hours,37.0,celsius,5.0,humidified,,,,,,,,654.0,71.48,non-toxic,,,,,,,,,
20,15,3hb,3hv,88.0,12.0,,,,,,microsphere,,,,,2.46,μm,,,yes,spions,20.3,filler,,0.0,not_applicable,,0.0,not_applicable,79.7,,,diic1_5,ht_29_cells,human,direct_contact,100000.0,cells/well,rpmi-1640,rpmi-1640,500.0,mg/l,,24.0,hours,37.0,celsius,5.0,humidified,,,,,,,,,87.25,non-toxic,,,,,,,,,
21,1,3hb,,100.0,0.0,240000.0,g/mol,30000.0,,8.0,film,22.54,,,,,,,,no,,0.0,not_applicable,,0.0,not_applicable,,0.0,not_applicable,100.0,10993-5,,ldh,saos_2,human,indirect_contact,,,dmem,dmem,,,0.0,24.0,hours,37.0,celsius,5.0,humidified,,,,,,,,,88.0597014925373,non-toxic,,,,,,,,,
21,2,3hb,,100.0,0.0,240000.0,g/mol,30000.0,,8.0,film,22.54,,,,,,,,no,,0.0,not_applicable,,0.0,not_applicable,,0.0,not_applicable,100.0,10993-5,,ldh,saos_2,human,indirect_contact,,,dmem,dmem,,,1.0,24.0,hours,37.0,celsius,5.0,humidified,,,,,,,,,87.4626865671642,non-toxic,,,,,,,,,
21,3,3hb,,100.0,0.0,240000.0,g/mol,30000.0,,8.0,film,22.54,,,,,,,,no,,0.0,not_applicable,,0.0,not_applicable,,0.0,not_applicable,100.0,10993-5,,ldh,saos_2,human,indirect_contact,,,dmem,dmem,,,10.0,24.0,hours,37.0,celsius,5.0,humidified,,,,,,,,,84.776119402985,non-toxic,,,,,,,,,
21,4,3hb,,100.0,0.0,240000.0,g/mol,30000.0,,8.0,film,22.54,,,,,,,,no,,0.0,not_applicable,,0.0,not_applicable,,0.0,not_applicable,100.0,10993-5,,ldh,saos_2,human,indirect_contact,,,dmem,dmem,,,100.0,24.0,hours,37.0,celsius,5.0,humidified,,,,,,,,,80.5970149253731,non-toxic,,,,,,,,,
21,5,3hb,,100.0,0.0,240000.0,g/mol,30000.0,,8.0,film,22.54,,,,,,,,no,,0.0,not_applicable,,0.0,not_applicable,,0.0,not_applicable,100.0,10993-5,,ldh,saos_2,human,indirect_contact,,,dmem,dmem,,,1000.0,24.0,hours,37.0,celsius,5.0,humidified,,,,,,,,,81.4925373134328,non-toxic,,,,,,,,,
21,6,3hb,3hv,,,270000.0,g/mol,80118.6943620178,,3.37,film,34.01,,,,,,,,no,,0.0,not_applicable,,0.0,not_applicable,,0.0,not_applicable,100.0,10993-5,,ldh,saos_2,human,indirect_contact,,,dmem,dmem,,,0.0,24.0,hours,37.0,celsius,5.0,humidified,,,,,,,,,105.373134328358,non-toxic,,,,,,,,,
21,7,3hb,3hv,,,270000.0,g/mol,80118.6943620178,,3.37,film,34.01,,,,,,,,no,,0.0,not_applicable,,0.0,not_applicable,,0.0,not_applicable,100.0,10993-5,,ldh,saos_2,human,indirect_contact,,,dmem,dmem,,,1.0,24.0,hours,37.0,celsius,5.0,humidified,,,,,,,,,157.611940298507,non-toxic,,,,,,,,,
21,8,3hb,3hv,,,270000.0,g/mol,80118.6943620178,,3.37,film,34.01,,,,,,,,no,,0.0,not_applicable,,0.0,not_applicable,,0.0,not_applicable,100.0,10993-5,,ldh,saos_2,human,indirect_contact,,,dmem,dmem,,,10.0,24.0,hours,37.0,celsius,5.0,humidified,,,,,,,,,142.089552238806,non-toxic,,,,,,,,,
21,9,3hb,3hv,,,270000.0,g/mol,80118.6943620178,,3.37,film,34.01,,,,,,,,no,,0.0,not_applicable,,0.0,not_applicable,,0.0,not_applicable,100.0,10993-5,,ldh,saos_2,human,indirect_contact,,,dmem,dmem,,,100.0,24.0,hours,37.0,celsius,5.0,humidified,,,,,,,,,102.388059701492,non-toxic,,,,,,,,,
21,10,3hb,3hv,,,270000.0,g/mol,80118.6943620178,,3.37,film,34.01,,,,,,,,no,,0.0,not_applicable,,0.0,not_applicable,,0.0,not_applicable,100.0,10993-5,,ldh,saos_2,human,indirect_contact,,,dmem,dmem,,,1000.0,24.0,hours,37.0,celsius,5.0,humidified,,,,,,,,,108.65671641791,non-toxic,,,,,,,,,
21,11,3hb,,100.0,0.0,240000.0,g/mol,30000.0,,8.0,film,22.54,,,,,,,,yes,gentamicin_sulfate,30.0,antibiotic,,0.0,not_applicable,,0.0,not_applicable,70.0,10993-5,,ldh,saos_2,human,indirect_contact,,,dmem,dmem,,,0.0,24.0,hours,37.0,celsius,5.0,humidified,,,,,,,,,93.7313432835821,non-toxic,,,,,,,,,
21,12,3hb,,100.0,0.0,240000.0,g/mol,30000.0,,8.0,film,22.54,,,,,,,,yes,gentamicin_sulfate,30.0,antibiotic,,0.0,not_applicable,,0.0,not_applicable,70.0,10993-5,,ldh,saos_2,human,indirect_contact,,,dmem,dmem,,,1.0,24.0,hours,37.0,celsius,5.0,humidified,,,,,,,,,113.432835820895,non-toxic,,,,,,,,,
21,13,3hb,,100.0,0.0,240000.0,g/mol,30000.0,,8.0,film,22.54,,,,,,,,yes,gentamicin_sulfate,30.0,antibiotic,,0.0,not_applicable,,0.0,not_applicable,70.0,10993-5,,ldh,saos_2,human,indirect_contact,,,dmem,dmem,,,10.0,24.0,hours,37.0,celsius,5.0,humidified,,,,,,,,,106.268656716417,non-toxic,,,,,,,,,
21,14,3hb,,100.0,0.0,240000.0,g/mol,30000.0,,8.0,film,22.54,,,,,,,,yes,gentamicin_sulfate,30.0,antibiotic,,0.0,not_applicable,,0.0,not_applicable,70.0,10993-5,,ldh,saos_2,human,indirect_contact,,,dmem,dmem,,,100.0,24.0,hours,37.0,celsius,5.0,humidified,,,,,,,,,127.462686567164,non-toxic,,,,,,,,,
21,15,3hb,,100.0,0.0,240000.0,g/mol,30000.0,,8.0,film,22.54,,,,,,,,yes,gentamicin_sulfate,30.0,antibiotic,,0.0,not_applicable,,0.0,not_applicable,70.0,10993-5,,ldh,saos_2,human,indirect_contact,,,dmem,dmem,,,1000.0,24.0,hours,37.0,celsius,5.0,humidified,,,,,,,,,115.223880597014,non-toxic,,,,,,,,,
21,16,3hb,3hv,,,270000.0,g/mol,80118.6943620178,,3.37,film,34.01,,,,,,,,yes,gentamicin_sulfate,30.0,antibiotic,,0.0,not_applicable,,0.0,not_applicable,70.0,10993-5,,ldh,saos_2,human,indirect_contact,,,dmem,dmem,,,0.0,24.0,hours,37.0,celsius,5.0,humidified,,,,,,,,,119.10447761194,non-toxic,,,,,,,,,
21,17,3hb,3hv,,,270000.0,g/mol,80118.6943620178,,3.37,film,34.01,,,,,,,,yes,gentamicin_sulfate,30.0,antibiotic,,0.0,not_applicable,,0.0,not_applicable,70.0,10993-5,,ldh,saos_2,human,indirect_contact,,,dmem,dmem,,,1.0,24.0,hours,37.0,celsius,5.0,humidified,,,,,,,,,95.5223880597015,non-toxic,,,,,,,,,
21,18,3hb,3hv,,,270000.0,g/mol,80118.6943620178,,3.37,film,34.01,,,,,,,,yes,gentamicin_sulfate,30.0,antibiotic,,0.0,not_applicable,,0.0,not_applicable,70.0,10993-5,,ldh,saos_2,human,indirect_contact,,,dmem,dmem,,,10.0,24.0,hours,37.0,celsius,5.0,humidified,,,,,,,,,102.388059701492,non-toxic,,,,,,,,,
21,19,3hb,3hv,,,270000.0,g/mol,80118.6943620178,,3.37,film,34.01,,,,,,,,yes,gentamicin_sulfate,30.0,antibiotic,,0.0,not_applicable,,0.0,not_applicable,70.0,10993-5,,ldh,saos_2,human,indirect_contact,,,dmem,dmem,,,100.0,24.0,hours,37.0,celsius,5.0,humidified,,,,,,,,,91.3432835820895,non-toxic,,,,,,,,,
21,20,3hb,3hv,,,270000.0,g/mol,80118.6943620178,,3.37,film,34.01,,,,,,,,yes,gentamicin_sulfate,30.0,antibiotic,,0.0,not_applicable,,0.0,not_applicable,70.0,10993-5,,ldh,saos_2,human,indirect_contact,,,dmem,dmem,,,1000.0,24.0,hours,37.0,celsius,5.0,humidified,,,,,,,,,82.089552238806,non-toxic,,,,,,,,,
22,1,3hb,3hv,,,,,,,,nanoparticle,,,,,,,,,yes,aza,0.125,immunosuppressant,,0.0,not_applicable,,0.0,not_applicable,99.875,,,mtt,jurkat,human,direct_contact,7500.0,cells/well,rpmi_1640,,1250.0,mg/l,,48.0,hours,,,,,,,,,,,,,13.0,toxic,,,,,,,,,
22,2,3hb,3hv,,,,,,,,nanoparticle,,,,,,,,,yes,aza,0.0625,immunosuppressant,,0.0,not_applicable,,0.0,not_applicable,99.9375,,,mtt,jurkat,human,direct_contact,7500.0,cells/well,rpmi_1640,,625.0,mg/l,,48.0,hours,,,,,,,,,,,,,26.0,toxic,,,,,,,,,
22,3,3hb,3hv,,,,,,,,nanoparticle,,,,,,,,,yes,aza,0.0313,immunosuppressant,,0.0,not_applicable,,0.0,not_applicable,99.9687,,,mtt,jurkat,human,direct_contact,7500.0,cells/well,rpmi_1640,,313.0,mg/l,,48.0,hours,,,,,,,,,,,,,41.0,toxic,,,,,,,,,
22,4,3hb,3hv,,,,,,,,nanoparticle,,,,,,,,,yes,aza,0.0156,immunosuppressant,,0.0,not_applicable,,0.0,not_applicable,99.9844,,,mtt,jurkat,human,direct_contact,7500.0,cells/well,rpmi_1640,,156.0,mg/l,,48.0,hours,,,,,,,,,,,,,48.0,toxic,,,,,,,,,
22,5,3hb,3hv,,,,,,,,nanoparticle,,,,,,,,,yes,aza,0.0078,immunosuppressant,,0.0,not_applicable,,0.0,not_applicable,99.9922,,,mtt,jurkat,human,direct_contact,7500.0,cells/well,rpmi_1640,,78.0,mg/l,,48.0,hours,,,,,,,,,,,,,60.0,toxic,,,,,,,,,
22,6,3hb,3hv,,,,,,,,nanoparticle,,,,,,,,,yes,aza,0.0039,immunosuppressant,,0.0,not_applicable,,0.0,not_applicable,99.9961,,,mtt,jurkat,human,direct_contact,7500.0,cells/well,rpmi_1640,,39.0,mg/l,,48.0,hours,,,,,,,,,,,,,80.0,non-toxic,,,,,,,,,
22,7,3hb,3hv,,,,,,,,nanoparticle,,,,,,,,,yes,aza,0.002,immunosuppressant,,0.0,not_applicable,,0.0,not_applicable,99.998,,,mtt,jurkat,human,direct_contact,7500.0,cells/well,rpmi_1640,,20.0,mg/l,,48.0,hours,,,,,,,,,,,,,83.0,non-toxic,,,,,,,,,
22,8,3hb,3hv,,,,,,,,nanoparticle,,,,,,,,,yes,aza,0.001,immunosuppressant,,0.0,not_applicable,,0.0,not_applicable,99.999,,,mtt,jurkat,human,direct_contact,7500.0,cells/well,rpmi_1640,,10.0,mg/l,,48.0,hours,,,,,,,,,,,,,84.0,non-toxic,,,,,,,,,
22,9,3hb,3hv,,,,,,,,nanoparticle,,,,,,,,,yes,aza,0.0005,immunosuppressant,,0.0,not_applicable,,0.0,not_applicable,99.9995,,,mtt,jurkat,human,direct_contact,7500.0,cells/well,rpmi_1640,,5.0,mg/l,,48.0,hours,,,,,,,,,,,,,13.0,toxic,,,,,,,,,
22,10,3hb,3hv,,,,,,,,nanoparticle,,,,,,,,,yes,aza,0.125,immunosuppressant,,0.0,not_applicable,,0.0,not_applicable,99.875,,,mtt,raji,human,direct_contact,7500.0,cells/well,rpmi_1640,,1250.0,mg/l,,48.0,hours,,,,,,,,,,,,,23.0,toxic,,,,,,,,,
22,11,3hb,3hv,,,,,,,,nanoparticle,,,,,,,,,yes,aza,0.0625,immunosuppressant,,0.0,not_applicable,,0.0,not_applicable,99.9375,,,mtt,raji,human,direct_contact,7500.0,cells/well,rpmi_1640,,625.0,mg/l,,48.0,hours,,,,,,,,,,,,,36.0,toxic,,,,,,,,,
22,12,3hb,3hv,,,,,,,,nanoparticle,,,,,,,,,yes,aza,0.0313,immunosuppressant,,0.0,not_applicable,,0.0,not_applicable,99.9687,,,mtt,raji,human,direct_contact,7500.0,cells/well,rpmi_1640,,313.0,mg/l,,48.0,hours,,,,,,,,,,,,,41.0,toxic,,,,,,,,,
22,13,3hb,3hv,,,,,,,,nanoparticle,,,,,,,,,yes,aza,0.0156,immunosuppressant,,0.0,not_applicable,,0.0,not_applicable,99.9844,,,mtt,raji,human,direct_contact,7500.0,cells/well,rpmi_1640,,156.0,mg/l,,48.0,hours,,,,,,,,,,,,,53.0,toxic,,,,,,,,,
22,14,3hb,3hv,,,,,,,,nanoparticle,,,,,,,,,yes,aza,0.0078,immunosuppressant,,0.0,not_applicable,,0.0,not_applicable,99.9922,,,mtt,raji,human,direct_contact,7500.0,cells/well,rpmi_1640,,78.0,mg/l,,48.0,hours,,,,,,,,,,,,,64.0,toxic,,,,,,,,,
22,15,3hb,3hv,,,,,,,,nanoparticle,,,,,,,,,yes,aza,0.0039,immunosuppressant,,0.0,not_applicable,,0.0,not_applicable,99.9961,,,mtt,raji,human,direct_contact,7500.0,cells/well,rpmi_1640,,39.0,mg/l,,48.0,hours,,,,,,,,,,,,,70.0,non-toxic,,,,,,,,,
22,16,3hb,3hv,,,,,,,,nanoparticle,,,,,,,,,yes,aza,0.002,immunosuppressant,,0.0,not_applicable,,0.0,not_applicable,99.998,,,mtt,raji,human,direct_contact,7500.0,cells/well,rpmi_1640,,20.0,mg/l,,48.0,hours,,,,,,,,,,,,,78.0,non-toxic,,,,,,,,,
22,17,3hb,3hv,,,,,,,,nanoparticle,,,,,,,,,yes,aza,0.001,immunosuppressant,,0.0,not_applicable,,0.0,not_applicable,99.999,,,mtt,raji,human,direct_contact,7500.0,cells/well,rpmi_1640,,10.0,mg/l,,48.0,hours,,,,,,,,,,,,,86.0,non-toxic,,,,,,,,,
22,18,3hb,3hv,,,,,,,,nanoparticle,,,,,,,,,yes,aza,0.0005,immunosuppressant,,0.0,not_applicable,,0.0,not_applicable,99.9995,,,mtt,raji,human,direct_contact,7500.0,cells/well,rpmi_1640,,5.0,mg/l,,48.0,hours,,,,,,,,,,,,,88.0,non-toxic,,,,,,,,,
23,1,3hb,3hv,88.0,12.0,240000.0,g/mol,,,,nanoparticle,,,,,237.3,nm,,,yes,pva,90.0,stabilizer,,0.0,not_applicable,,0.0,not_applicable,10.0,,,mtt,bovine_keratocytes,cow,direct_contact,20000.0,cells/well,dmem_g1_f10_a5,dmem-g1-f10-a5,1000.0,mg/l,,24.0,hours,37.0,celsius,5.0,humidified,,,,,,,,,75.35,non-toxic,,,,,,,,,
23,2,3hb,3hv,88.0,12.0,240000.0,g/mol,,,,nanoparticle,,,,,237.3,nm,,,yes,pva,90.0,stabilizer,,0.0,not_applicable,,0.0,not_applicable,10.0,,,mtt,bovine_keratocytes,cow,direct_contact,20000.0,cells/well,dmem_g1_f10_a6,dmem-g1-f10-a5,100.0,mg/l,,24.0,hours,37.0,celsius,5.0,humidified,,,,,,,,,93.18,non-toxic,,,,,,,,,
23,3,3hb,3hv,88.0,12.0,240000.0,g/mol,,,,nanoparticle,,,,,237.3,nm,,,yes,pva,89.11,stabilizer,hc,0.99,not_applicable,,0.0,not_applicable,9.9,,,mtt,bovine_keratocytes,cow,direct_contact,20000.0,cells/well,dmem_g1_f10_a7,dmem-g1-f10-a5,1000.0,mg/l,,24.0,hours,37.0,celsius,5.0,humidified,,,,,,,,,67.13,toxic,,,,,,,,,
23,4,3hb,3hv,88.0,12.0,240000.0,g/mol,,,,nanoparticle,,,,,237.3,nm,,,yes,pva,89.11,stabilizer,hc,0.99,not_applicable,,0.0,not_applicable,9.9,,,mtt,bovine_keratocytes,cow,direct_contact,20000.0,cells/well,dmem_g1_f10_a8,dmem-g1-f10-a5,100.0,mg/l,,24.0,hours,37.0,celsius,5.0,humidified,,,,,,,,,79.56,non-toxic,,,,,,,,,
24,1,3hb,3hv,94.0,6.0,14080.0,g/mol,10143.0,,4.426,nanoparticle,,,,,183.0,nm,,,no,,0.0,not_applicable,,0.0,not_applicable,,0.0,not_applicable,100.0,,,mts,calu_3,human,,5280.0,cells/well,,,75.0,mg/l,,,,37.0,celsius,5.0,humidified,,,,,,,,,114.38,non-toxic,,,,,,,,,
24,2,3hb,3hv,94.0,6.0,14080.0,g/mol,10143.0,,4.426,nanoparticle,,,,,183.0,nm,,,no,,0.0,not_applicable,,0.0,not_applicable,,0.0,not_applicable,100.0,,,mts,calu_3,human,,5280.0,cells/well,,,150.0,mg/l,,,,37.0,celsius,5.0,humidified,,,,,,,,,95.25,non-toxic,,,,,,,,,
24,3,3hb,3hv,94.0,6.0,14080.0,g/mol,10143.0,,4.426,nanoparticle,,,,,183.0,nm,,,no,,0.0,not_applicable,,0.0,not_applicable,,0.0,not_applicable,100.0,,,mts,calu_3,human,,5280.0,cells/well,,,300.0,mg/l,,,,37.0,celsius,5.0,humidified,,,,,,,,,95.45,non-toxic,,,,,,,,,
24,4,3hb,3hv,94.0,6.0,14080.0,g/mol,10143.0,,4.426,nanoparticle,,,,,183.0,nm,,,no,,0.0,not_applicable,,0.0,not_applicable,,0.0,not_applicable,100.0,,,mts,calu_3,human,,5280.0,cells/well,,,600.0,mg/l,,,,37.0,celsius,5.0,humidified,,,,,,,,,88.38,non-toxic,,,,,,,,,
25,1,3hb,3hv,89.0,11.0,,,,,,nanospheres,,,,,166.0,nm,,,yes,pva,61.3,stabilizer,,0.0,not_applicable,,0.0,not_applicable,38.7,,,mtt,mouse_fibroblasts_l928,mouse,,20000.0,cells/well,dmem_hgfps,dmem_hgfps,500.0,mg/l,,27.0,hours,37.0,celsius,5.0,humidified,,,,,,,,19080.0,,,,,,,,,,,
25,2,3hb,3hv,89.0,11.0,,,,,,nanospheres,,,,,166.0,nm,,,yes,pva,61.3,stabilizer,,0.0,not_applicable,,0.0,not_applicable,38.7,,,mtt,mouse_fibroblasts_l929,mouse,,20000.0,cells/well,dmem_hgfps,dmem_hgfps,1000.0,mg/l,,27.0,hours,37.0,celsius,5.0,humidified,,,,,,,,23790.0,,,,,,,,,,,
25,3,3hb,3hv,89.0,11.0,,,,,,nanospheres,,,,,426.0,nm,,,yes,pva,61.3,stabilizer,,0.0,not_applicable,,0.0,not_applicable,38.7,,,mtt,mouse_fibroblasts_l929,mouse,,20000.0,cells/well,dmem_hgfps,dmem_hgfps,500.0,mg/l,,27.0,hours,37.0,celsius,5.0,humidified,,,,,,,,18570.0,,,,,,,,,,,
25,4,3hb,3hv,89.0,11.0,,,,,,nanospheres,,,,,426.0,nm,,,yes,pva,61.3,stabilizer,,0.0,not_applicable,,0.0,not_applicable,38.7,,,mtt,mouse_fibroblasts_l929,mouse,,20000.0,cells/well,dmem_hgfps,dmem_hgfps,1000.0,mg/l,,27.0,hours,37.0,celsius,5.0,humidified,,,,,,,,17959.0,,,,,,,,,,,
25,5,3hb,3hv,89.0,11.0,,,,,,nanospheres,,,,,1900.0,nm,,,yes,pva,61.3,stabilizer,,0.0,not_applicable,,0.0,not_applicable,38.7,,,mtt,mouse_fibroblasts_l929,mouse,,20000.0,cells/well,dmem_hgfps,dmem_hgfps,500.0,mg/l,,27.0,hours,37.0,celsius,5.0,humidified,,,,,,,,17760.0,,,,,,,,,,,
25,6,3hb,3hv,89.0,11.0,,,,,,nanospheres,,,,,1900.0,nm,,,yes,pva,61.3,stabilizer,,0.0,not_applicable,,0.0,not_applicable,38.7,,,mtt,mouse_fibroblasts_l929,mouse,,20000.0,cells/well,dmem_hgfps,dmem_hgfps,1000.0,mg/l,,27.0,hours,37.0,celsius,5.0,humidified,,,,,,,,16120.0,,,,,,,,,,,
26,1,3hb,,100.0,0.0,,,59400.0,g/mol,,linear,,,,,,,,,yes,pnipaam,27.0,responsive,ppegmema,44.0,stealth,pppgma,23.0,hydrophobe,6.0,,,mtt,ccd_112con,human,,20000.0,cells/well,dmem_fp,dmem_fp,1000.0,mg/l,,24.0,hours,37.0,celsius,5.0,humidified,,,,,,,,,99.0,non-toxic,,,,,,,,,
26,2,3hb,,100.0,0.0,,,59400.0,g/mol,,diblock_star,,,,,,,,,yes,pnipaam,27.0,responsive,ppegmema,44.0,stealth,pppgma,23.0,hydrophobe,6.0,,,mtt,ccd_112con,human,,20000.0,cells/well,dmem_fp,dmem_fp,500.0,mg/l,,24.0,hours,37.0,celsius,5.0,humidified,,,,,,,,,113.0,non-toxic,,,,,,,,,
26,3,3hb,,100.0,0.0,,,59400.0,g/mol,,diblock_star,,,,,,,,,yes,pnipaam,27.0,responsive,ppegmema,44.0,stealth,pppgma,23.0,hydrophobe,6.0,,,mtt,ccd_112con,human,,20000.0,cells/well,dmem_fp,dmem_fp,250.0,mg/l,,24.0,hours,37.0,celsius,5.0,humidified,,,,,,,,,107.0,non-toxic,,,,,,,,,
26,4,3hb,,100.0,0.0,,,59400.0,g/mol,,diblock_star,,,,,,,,,yes,pnipaam,27.0,responsive,ppegmema,44.0,stealth,pppgma,23.0,hydrophobe,6.0,,,mtt,ccd_112con,human,,20000.0,cells/well,dmem_fp,dmem_fp,125.0,mg/l,,24.0,hours,37.0,celsius,5.0,humidified,,,,,,,,,122.0,non-toxic,,,,,,,,,
26,5,3hb,,100.0,0.0,,,59400.0,g/mol,,diblock_star,,,,,,,,,yes,pnipaam,27.0,responsive,ppegmema,44.0,stealth,pppgma,23.0,hydrophobe,6.0,,,mtt,ccd_112con,human,,20000.0,cells/well,dmem_fp,dmem_fp,62.5,mg/l,,24.0,hours,37.0,celsius,5.0,humidified,,,,,,,,,132.0,non-toxic,,,,,,,,,
26,6,3hb,,100.0,0.0,,,59400.0,g/mol,,diblock_star,,,,,,,,,yes,pnipaam,27.0,responsive,ppegmema,44.0,stealth,pppgma,23.0,hydrophobe,6.0,,,mtt,ccd_112con,human,,20000.0,cells/well,dmem_fp,dmem_fp,31.25,mg/l,,24.0,hours,37.0,celsius,5.0,humidified,,,,,,,,,129.0,non-toxic,,,,,,,,,
26,7,3hb,,100.0,0.0,,,59400.0,g/mol,,diblock_star,,,,,,,,,yes,pnipaam,28.0,responsive,ppegmema,41.0,stealth,pppgma,21.0,hydrophobe,10.0,,,mtt,ccd_112con,human,,20000.0,cells/well,dmem_fp,dmem_fp,1000.0,mg/l,,24.0,hours,37.0,celsius,5.0,humidified,,,,,,,,,90.0,non-toxic,,,,,,,,,
26,8,3hb,,100.0,0.0,,,59400.0,g/mol,,diblock_star,,,,,,,,,yes,pnipaam,28.0,responsive,ppegmema,41.0,stealth,pppgma,21.0,hydrophobe,10.0,,,mtt,ccd_112con,human,,20000.0,cells/well,dmem_fp,dmem_fp,500.0,mg/l,,24.0,hours,37.0,celsius,5.0,humidified,,,,,,,,,104.0,non-toxic,,,,,,,,,
26,9,3hb,,100.0,0.0,,,59400.0,g/mol,,diblock_star,,,,,,,,,yes,pnipaam,28.0,responsive,ppegmema,41.0,stealth,pppgma,21.0,hydrophobe,10.0,,,mtt,ccd_112con,human,,20000.0,cells/well,dmem_fp,dmem_fp,250.0,mg/l,,24.0,hours,37.0,celsius,5.0,humidified,,,,,,,,,115.0,non-toxic,,,,,,,,,
26,10,3hb,,100.0,0.0,,,59400.0,g/mol,,diblock_star,,,,,,,,,yes,pnipaam,28.0,responsive,ppegmema,41.0,stealth,pppgma,21.0,hydrophobe,10.0,,,mtt,ccd_112con,human,,20000.0,cells/well,dmem_fp,dmem_fp,125.0,mg/l,,24.0,hours,37.0,celsius,5.0,humidified,,,,,,,,,119.0,non-toxic,,,,,,,,,
26,11,3hb,,100.0,0.0,,,59400.0,g/mol,,diblock_star,,,,,,,,,yes,pnipaam,28.0,responsive,ppegmema,41.0,stealth,pppgma,21.0,hydrophobe,10.0,,,mtt,ccd_112con,human,,20000.0,cells/well,dmem_fp,dmem_fp,62.5,mg/l,,24.0,hours,37.0,celsius,5.0,humidified,,,,,,,,,136.0,non-toxic,,,,,,,,,
26,12,3hb,,100.0,0.0,,,59400.0,g/mol,,diblock_star,,,,,,,,,yes,pnipaam,28.0,responsive,ppegmema,41.0,stealth,pppgma,21.0,hydrophobe,10.0,,,mtt,ccd_112con,human,,20000.0,cells/well,dmem_fp,dmem_fp,31.25,mg/l,,24.0,hours,37.0,celsius,5.0,humidified,,,,,,,,,130.0,non-toxic,,,,,,,,,
26,13,3hb,,100.0,0.0,,,59400.0,g/mol,,diblock_star,,,,,,,,,yes,pnipaam,24.0,responsive,ppegmema,33.0,stealth,pppgma,32.0,hydrophobe,11.0,,,mtt,ccd_112con,human,,20000.0,cells/well,dmem_fp,dmem_fp,1000.0,mg/l,,24.0,hours,37.0,celsius,5.0,humidified,,,,,,,,,73.0,non-toxic,,,,,,,,,
26,14,3hb,,100.0,0.0,,,59400.0,g/mol,,diblock_star,,,,,,,,,yes,pnipaam,24.0,responsive,ppegmema,33.0,stealth,pppgma,32.0,hydrophobe,11.0,,,mtt,ccd_112con,human,,20000.0,cells/well,dmem_fp,dmem_fp,500.0,mg/l,,24.0,hours,37.0,celsius,5.0,humidified,,,,,,,,,109.0,non-toxic,,,,,,,,,
26,15,3hb,,100.0,0.0,,,59400.0,g/mol,,diblock_star,,,,,,,,,yes,pnipaam,24.0,responsive,ppegmema,33.0,stealth,pppgma,32.0,hydrophobe,11.0,,,mtt,ccd_112con,human,,20000.0,cells/well,dmem_fp,dmem_fp,250.0,mg/l,,24.0,hours,37.0,celsius,5.0,humidified,,,,,,,,,92.0,non-toxic,,,,,,,,,
26,16,3hb,,100.0,0.0,,,59400.0,g/mol,,diblock_star,,,,,,,,,yes,pnipaam,24.0,responsive,ppegmema,33.0,stealth,pppgma,32.0,hydrophobe,11.0,,,mtt,ccd_112con,human,,20000.0,cells/well,dmem_fp,dmem_fp,125.0,mg/l,,24.0,hours,37.0,celsius,5.0,humidified,,,,,,,,,113.0,non-toxic,,,,,,,,,
26,17,3hb,,100.0,0.0,,,59400.0,g/mol,,diblock_star,,,,,,,,,yes,pnipaam,24.0,responsive,ppegmema,33.0,stealth,pppgma,32.0,hydrophobe,11.0,,,mtt,ccd_112con,human,,20000.0,cells/well,dmem_fp,dmem_fp,62.5,mg/l,,24.0,hours,37.0,celsius,5.0,humidified,,,,,,,,,111.0,non-toxic,,,,,,,,,
26,18,3hb,,100.0,0.0,,,59400.0,g/mol,,diblock_star,,,,,,,,,yes,pnipaam,24.0,responsive,ppegmema,33.0,stealth,pppgma,32.0,hydrophobe,11.0,,,mtt,ccd_112con,human,,20000.0,cells/well,dmem_fp,dmem_fp,31.25,mg/l,,24.0,hours,37.0,celsius,5.0,humidified,,,,,,,,,116.0,non-toxic,,,,,,,,,
26,19,3hb,,100.0,0.0,,,59400.0,g/mol,,diblock_star,,,,,,,,,yes,pnipaam,20.0,responsive,ppegmema,55.0,stealth,pppgma,14.0,hydrophobe,11.0,,,mtt,ccd_112con,human,,20000.0,cells/well,dmem_fp,dmem_fp,1000.0,mg/l,,24.0,hours,37.0,celsius,5.0,humidified,,,,,,,,,100.0,non-toxic,,,,,,,,,
26,20,3hb,,100.0,0.0,,,59400.0,g/mol,,diblock_star,,,,,,,,,yes,pnipaam,20.0,responsive,ppegmema,55.0,stealth,pppgma,14.0,hydrophobe,11.0,,,mtt,ccd_112con,human,,20000.0,cells/well,dmem_fp,dmem_fp,500.0,mg/l,,24.0,hours,37.0,celsius,5.0,humidified,,,,,,,,,110.0,non-toxic,,,,,,,,,
26,21,3hb,,100.0,0.0,,,59400.0,g/mol,,diblock_star,,,,,,,,,yes,pnipaam,20.0,responsive,ppegmema,55.0,stealth,pppgma,14.0,hydrophobe,11.0,,,mtt,ccd_112con,human,,20000.0,cells/well,dmem_fp,dmem_fp,250.0,mg/l,,24.0,hours,37.0,celsius,5.0,humidified,,,,,,,,,105.0,non-toxic,,,,,,,,,
26,22,3hb,,100.0,0.0,,,59400.0,g/mol,,diblock_star,,,,,,,,,yes,pnipaam,20.0,responsive,ppegmema,55.0,stealth,pppgma,14.0,hydrophobe,11.0,,,mtt,ccd_112con,human,,20000.0,cells/well,dmem_fp,dmem_fp,125.0,mg/l,,24.0,hours,37.0,celsius,5.0,humidified,,,,,,,,,126.0,non-toxic,,,,,,,,,
26,23,3hb,,100.0,0.0,,,59400.0,g/mol,,diblock_star,,,,,,,,,yes,pnipaam,20.0,responsive,ppegmema,55.0,stealth,pppgma,14.0,hydrophobe,11.0,,,mtt,ccd_112con,human,,20000.0,cells/well,dmem_fp,dmem_fp,62.5,mg/l,,24.0,hours,37.0,celsius,5.0,humidified,,,,,,,,,112.0,non-toxic,,,,,,,,,
26,24,3hb,,100.0,0.0,,,59400.0,g/mol,,diblock_star,,,,,,,,,yes,pnipaam,20.0,responsive,ppegmema,55.0,stealth,pppgma,14.0,hydrophobe,11.0,,,mtt,ccd_112con,human,,20000.0,cells/well,dmem_fp,dmem_fp,31.25,mg/l,,24.0,hours,37.0,celsius,5.0,humidified,,,,,,,,,106.0,non-toxic,,,,,,,,,
26,25,3hb,,100.0,0.0,,,59400.0,g/mol,,tetra_arm_star,,,,,,,,,yes,pnipaam,23.0,responsive,ppegmema,45.0,stealth,pppgma,8.0,hydrophobe,8.0,,,mtt,ccd_112con,human,,20000.0,cells/well,dmem_fp,dmem_fp,1000.0,mg/l,,24.0,hours,37.0,celsius,5.0,humidified,,,,,,,,,102.0,non-toxic,,,,,,,,,
26,26,3hb,,100.0,0.0,,,59400.0,g/mol,,tetra_arm_star,,,,,,,,,yes,pnipaam,23.0,responsive,ppegmema,45.0,stealth,pppgma,8.0,hydrophobe,8.0,,,mtt,ccd_112con,human,,20000.0,cells/well,dmem_fp,dmem_fp,500.0,mg/l,,24.0,hours,37.0,celsius,5.0,humidified,,,,,,,,,113.0,non-toxic,,,,,,,,,
26,27,3hb,,100.0,0.0,,,59400.0,g/mol,,tetra_arm_star,,,,,,,,,yes,pnipaam,23.0,responsive,ppegmema,45.0,stealth,pppgma,8.0,hydrophobe,8.0,,,mtt,ccd_112con,human,,20000.0,cells/well,dmem_fp,dmem_fp,250.0,mg/l,,24.0,hours,37.0,celsius,5.0,humidified,,,,,,,,,117.0,non-toxic,,,,,,,,,
26,28,3hb,,100.0,0.0,,,59400.0,g/mol,,tetra_arm_star,,,,,,,,,yes,pnipaam,23.0,responsive,ppegmema,45.0,stealth,pppgma,8.0,hydrophobe,8.0,,,mtt,ccd_112con,human,,20000.0,cells/well,dmem_fp,dmem_fp,125.0,mg/l,,24.0,hours,37.0,celsius,5.0,humidified,,,,,,,,,131.0,non-toxic,,,,,,,,,
26,29,3hb,,100.0,0.0,,,59400.0,g/mol,,tetra_arm_star,,,,,,,,,yes,pnipaam,23.0,responsive,ppegmema,45.0,stealth,pppgma,8.0,hydrophobe,8.0,,,mtt,ccd_112con,human,,20000.0,cells/well,dmem_fp,dmem_fp,62.5,mg/l,,24.0,hours,37.0,celsius,5.0,humidified,,,,,,,,,124.0,non-toxic,,,,,,,,,
26,30,3hb,,100.0,0.0,,,59400.0,g/mol,,tetra_arm_star,,,,,,,,,yes,pnipaam,23.0,responsive,ppegmema,45.0,stealth,pppgma,8.0,hydrophobe,8.0,,,mtt,ccd_112con,human,,20000.0,cells/well,dmem_fp,dmem_fp,31.25,mg/l,,24.0,hours,37.0,celsius,5.0,humidified,,,,,,,,,91.0,non-toxic,,,,,,,,,
27,1,3hb,,100.0,0.0,,,,,,nanofibers,,,,,,,0.57,μm,yes,vcm,16.5,antibiotic,,0.0,not_applicable,,0.0,not_applicable,83.5,,,alamar_blue,mc3t3-e1,mouse,direct_contact,10000.0,cells/well,memα-gfps,,,,,24.0,hours,37.0,celsius,5.0,humidified,,,,,,,,,92.0,non-toxic,,,,,,,,,
27,2,3hb,,100.0,0.0,,,,,,nanofibers,,,,,,,0.57,μm,yes,vcm,16.5,antibiotic,,0.0,not_applicable,,0.0,not_applicable,83.5,,,alamar_blue,mc3t3-e1,mouse,direct_contact,10000.0,cells/well,memα-gfps,,,,,72.0,hours,37.0,celsius,5.0,humidified,,,,,,,,,100.0,non-toxic,,,,,,,,,
27,3,3hb,,100.0,0.0,,,,,,nanofibers,,,,,,,0.57,μm,yes,vcm,16.5,antibiotic,,0.0,not_applicable,,0.0,not_applicable,83.5,,,alamar_blue,mc3t3-e1,mouse,direct_contact,10000.0,cells/well,memα-gfps,,,,,168.0,hours,37.0,celsius,5.0,humidified,,,,,,,,,82.0,non-toxic,,,,,,,,,
27,4,3hb,,100.0,0.0,,,,,,nanofibers,,,,,,,0.57,μm,yes,vcm,22.6,antibiotic,caco3,16.0,biomineralization_bioactivity_enhancement,,0.0,not_applicable,61.4,,,alamar_blue,mc3t3-e1,mouse,direct_contact,10000.0,cells/well,memα-gfps,,,,,24.0,hours,37.0,celsius,5.0,humidified,,,,,,,,,84.0,non-toxic,,,,,,,,,
27,5,3hb,,100.0,0.0,,,,,,nanofibers,,,,,,,0.57,μm,yes,vcm,22.6,antibiotic,caco3,16.0,biomineralization_bioactivity_enhancement,,0.0,not_applicable,61.4,,,alamar_blue,mc3t3-e1,mouse,direct_contact,10000.0,cells/well,memα-gfps,,,,,72.0,hours,37.0,celsius,5.0,humidified,,,,,,,,,91.0,non-toxic,,,,,,,,,
27,6,3hb,,100.0,0.0,,,,,,nanofibers,,,,,,,0.57,μm,yes,vcm,22.6,antibiotic,caco3,16.0,biomineralization_bioactivity_enhancement,,0.0,not_applicable,61.4,,,alamar_blue,mc3t3-e1,mouse,direct_contact,10000.0,cells/well,memα-gfps,,,,,168.0,hours,37.0,celsius,5.0,humidified,,,,,,,,,90.0,non-toxic,,,,,,,,,
27,7,3hb,,100.0,0.0,,,,,,nanofibers,,,,,,,0.57,μm,yes,alp,2.44,bioactive_surface_bound_enzyme,,0.0,not_applicable,,0.0,not_applicable,97.56,,,alamar_blue,mc3t3-e1,mouse,direct_contact,10000.0,cells/well,memα-gfps,,,,,24.0,hours,37.0,celsius,5.0,humidified,,,,,,,,,148.0,non-toxic,,,,,,,,,
27,8,3hb,,100.0,0.0,,,,,,nanofibers,,,,,,,0.57,μm,yes,alp,2.44,bioactive_surface_bound_enzyme,,0.0,not_applicable,,0.0,not_applicable,97.56,,,alamar_blue,mc3t3-e1,mouse,direct_contact,10000.0,cells/well,memα-gfps,,,,,72.0,hours,37.0,celsius,5.0,humidified,,,,,,,,,150.0,non-toxic,,,,,,,,,
27,9,3hb,,100.0,0.0,,,,,,nanofibers,,,,,,,0.57,μm,yes,alp,2.44,bioactive_surface_bound_enzyme,,0.0,not_applicable,,0.0,not_applicable,97.56,,,alamar_blue,mc3t3-e1,mouse,direct_contact,10000.0,cells/well,memα-gfps,,,,,168.0,hours,37.0,celsius,5.0,humidified,,,,,,,,,122.0,non-toxic,,,,,,,,,
27,10,3hb,,100.0,0.0,,,,,,nanofibers,,,,,,,0.57,μm,yes,alp,2.0,bioactive_surface_bound_enzyme,caco3,16.0,biomineralization_bioactivity_enhancement,,0.0,not_applicable,81.0,,,alamar_blue,mc3t3-e1,mouse,direct_contact,10000.0,cells/well,memα-gfps,,,,,24.0,hours,37.0,celsius,5.0,humidified,,,,,,,,,127.0,non-toxic,,,,,,,,,
27,11,3hb,,100.0,0.0,,,,,,nanofibers,,,,,,,0.57,μm,yes,alp,2.0,bioactive_surface_bound_enzyme,caco3,16.0,biomineralization_bioactivity_enhancement,,0.0,not_applicable,81.0,,,alamar_blue,mc3t3-e1,mouse,direct_contact,10000.0,cells/well,memα-gfps,,,,,72.0,hours,37.0,celsius,5.0,humidified,,,,,,,,,136.0,non-toxic,,,,,,,,,
27,12,3hb,,100.0,0.0,,,,,,nanofibers,,,,,,,0.57,μm,yes,alp,2.0,bioactive_surface_bound_enzyme,caco3,16.0,biomineralization_bioactivity_enhancement,,0.0,not_applicable,81.0,,,alamar_blue,mc3t3-e1,mouse,direct_contact,10000.0,cells/well,memα-gfps,,,,,168.0,hours,37.0,celsius,5.0,humidified,,,,,,,,,117.0,non-toxic,,,,,,,,,
27,13,3hb,,100.0,0.0,,,,,,nanofibers,,,,,,,0.57,μm,yes,caco3,15.0,biomineralization_bioactivity_enhancement,,0.0,not_applicable,,0.0,not_applicable,85.0,,,alamar_blue,mc3t3-e1,mouse,direct_contact,10000.0,cells/well,memα-gfps,,,,,24.0,hours,37.0,celsius,5.0,humidified,,,,,,,,,89.0,non-toxic,,,,,,,,,
27,14,3hb,,100.0,0.0,,,,,,nanofibers,,,,,,,0.57,μm,yes,caco3,15.0,biomineralization_bioactivity_enhancement,,0.0,not_applicable,,0.0,not_applicable,85.0,,,alamar_blue,mc3t3-e1,mouse,direct_contact,10000.0,cells/well,memα-gfps,,,,,72.0,hours,37.0,celsius,5.0,humidified,,,,,,,,,89.0,non-toxic,,,,,,,,,
27,15,3hb,,100.0,0.0,,,,,,nanofibers,,,,,,,0.57,μm,yes,caco3,15.0,biomineralization_bioactivity_enhancement,,0.0,not_applicable,,0.0,not_applicable,85.0,,,alamar_blue,mc3t3-e1,mouse,direct_contact,10000.0,cells/well,memα-gfps,,,,,168.0,hours,37.0,celsius,5.0,humidified,,,,,,,,,83.0,non-toxic,,,,,,,,,
27,16,3hb,,100.0,0.0,,,,,,nanofibers,,,,,,,0.57,μm,yes,vcm,23.0,antibiotic,alp,2.0,bioactive_surface_bound_enzyme,caco3,16.0,biomineralization_bioactivity_enhancement,59.0,,,alamar_blue,mc3t3-e1,mouse,direct_contact,10000.0,cells/well,memα-gfps,,,,,24.0,hours,37.0,celsius,5.0,humidified,,,,,,,,,112.0,non-toxic,,,,,,,,,
27,17,3hb,,100.0,0.0,,,,,,nanofibers,,,,,,,0.57,μm,yes,vcm,23.0,antibiotic,alp,2.0,bioactive_surface_bound_enzyme,caco3,16.0,biomineralization_bioactivity_enhancement,59.0,,,alamar_blue,mc3t3-e1,mouse,direct_contact,10000.0,cells/well,memα-gfps,,,,,72.0,hours,37.0,celsius,5.0,humidified,,,,,,,,,119.0,non-toxic,,,,,,,,,
27,18,3hb,,100.0,0.0,,,,,,nanofibers,,,,,,,0.57,μm,yes,vcm,23.0,antibiotic,alp,2.0,bioactive_surface_bound_enzyme,caco3,16.0,biomineralization_bioactivity_enhancement,59.0,,,alamar_blue,mc3t3-e1,mouse,direct_contact,10000.0,cells/well,memα-gfps,,,,,168.0,hours,37.0,celsius,5.0,humidified,,,,,,,,,97.0,non-toxic,,,,,,,,,
28,1,3hb,,100.0,0.0,,g/mol,60000.0,,,micelles,,,,,,,100.0,nm,yes,pdmaema,93.97,functional_additive,,0.0,not_applicable,,0.0,not_applicable,6.03,,,mtt,human_epithelial_kidney_hek293_cells,human,direct_contact,10000.0,cells/well,dmem_with_serum,dmem_with_serum,3.125,mg/l,,,,37.0,celsius,5.0,humidified,,,,,,,,,88.1972265023112,non-toxic,,,,,,,,,
28,2,3hb,,100.0,0.0,,g/mol,60000.0,,,micelles,,,,,,,100.0,nm,yes,pdmaema,93.97,functional_additive,,0.0,not_applicable,,0.0,not_applicable,6.03,,,mtt,human_epithelial_kidney_hek293_cells,human,direct_contact,10000.0,cells/well,dmem_with_serum,dmem_with_serum,6.25,mg/l,,,,37.0,celsius,5.0,humidified,,,,,,,,,88.0123266563944,non-toxic,,,,,,,,,
28,3,3hb,,100.0,0.0,,g/mol,60000.0,,,micelles,,,,,,,100.0,nm,yes,pdmaema,93.97,functional_additive,,0.0,not_applicable,,0.0,not_applicable,6.03,,,mtt,human_epithelial_kidney_hek293_cells,human,direct_contact,10000.0,cells/well,dmem_with_serum,dmem_with_serum,12.5,mg/l,,,,37.0,celsius,5.0,humidified,,,,,,,,,81.171032357473,non-toxic,,,,,,,,,
28,4,3hb,,100.0,0.0,,g/mol,60000.0,,,micelles,,,,,,,100.0,nm,yes,pdmaema,93.97,functional_additive,,0.0,not_applicable,,0.0,not_applicable,6.03,,,mtt,human_epithelial_kidney_hek293_cells,human,direct_contact,10000.0,cells/well,dmem_with_serum,dmem_with_serum,25.0,mg/l,,,,37.0,celsius,5.0,humidified,,,,,,,,,68.7827426810477,toxic,,,,,,,,,
28,5,3hb,,100.0,0.0,,g/mol,60000.0,,,micelles,,,,,,,100.0,nm,yes,pdmaema,93.97,functional_additive,,0.0,not_applicable,,0.0,not_applicable,6.03,,,mtt,human_epithelial_kidney_hek293_cells,human,direct_contact,10000.0,cells/well,dmem_with_serum,dmem_with_serum,50.0,mg/l,,,,37.0,celsius,5.0,humidified,,,,,,,,,63.4206471494607,toxic,,,,,,,,,
28,6,3hb,,100.0,0.0,,g/mol,60000.0,,,micelles,,,,,,,100.0,nm,yes,pdmaema,93.97,functional_additive,,0.0,not_applicable,,0.0,not_applicable,6.03,,,mtt,human_epithelial_kidney_hek293_cells,human,direct_contact,10000.0,cells/well,dmem_with_serum,dmem_with_serum,100.0,mg/l,,,,37.0,celsius,5.0,humidified,,,,,,,,,56.85,toxic,,,,,,,,,
28,7,3hb,,100.0,0.0,,g/mol,60000.0,,,micelles,,,,,,,110.0,nm,yes,pdmaema,94.11,functional_additive,,0.0,not_applicable,,0.0,not_applicable,5.89,,,mtt,human_epithelial_kidney_hek293_cells,human,direct_contact,10000.0,cells/well,dmem_with_serum,dmem_with_serum,3.125,mg/l,,,,37.0,celsius,5.0,humidified,,,,,,,,,79.1371340523882,non-toxic,,,,,,,,,
28,8,3hb,,100.0,0.0,,g/mol,60000.0,,,micelles,,,,,,,110.0,nm,yes,pdmaema,94.11,functional_additive,,0.0,not_applicable,,0.0,not_applicable,5.89,,,mtt,human_epithelial_kidney_hek293_cells,human,direct_contact,10000.0,cells/well,dmem_with_serum,dmem_with_serum,6.25,mg/l,,,,37.0,celsius,5.0,humidified,,,,,,,,,74.6995377503852,non-toxic,,,,,,,,,
28,9,3hb,,100.0,0.0,,g/mol,60000.0,,,micelles,,,,,,,110.0,nm,yes,pdmaema,94.11,functional_additive,,0.0,not_applicable,,0.0,not_applicable,5.89,,,mtt,human_epithelial_kidney_hek293_cells,human,direct_contact,10000.0,cells/well,dmem_with_serum,dmem_with_serum,12.5,mg/l,,,,37.0,celsius,5.0,humidified,,,,,,,,,75.2542372881355,non-toxic,,,,,,,,,
28,10,3hb,,100.0,0.0,,g/mol,60000.0,,,micelles,,,,,,,110.0,nm,yes,pdmaema,94.11,functional_additive,,0.0,not_applicable,,0.0,not_applicable,5.89,,,mtt,human_epithelial_kidney_hek293_cells,human,direct_contact,10000.0,cells/well,dmem_with_serum,dmem_with_serum,25.0,mg/l,,,,37.0,celsius,5.0,humidified,,,,,,,,,64.5300462249614,toxic,,,,,,,,,
28,11,3hb,,100.0,0.0,,g/mol,60000.0,,,micelles,,,,,,,110.0,nm,yes,pdmaema,94.11,functional_additive,,0.0,not_applicable,,0.0,not_applicable,5.89,,,mtt,human_epithelial_kidney_hek293_cells,human,direct_contact,10000.0,cells/well,dmem_with_serum,dmem_with_serum,50.0,mg/l,,,,37.0,celsius,5.0,humidified,,,,,,,,,62.1263482280431,toxic,,,,,,,,,
28,12,3hb,,100.0,0.0,,g/mol,60000.0,,,micelles,,,,,,,110.0,nm,yes,pdmaema,94.11,functional_additive,,0.0,not_applicable,,0.0,not_applicable,5.89,,,mtt,human_epithelial_kidney_hek293_cells,human,direct_contact,10000.0,cells/well,dmem_with_serum,dmem_with_serum,100.0,mg/l,,,,37.0,celsius,5.0,humidified,,,,,,,,,56.0246848040022,toxic,,,,,,,,,
28,13,3hb,,100.0,0.0,,g/mol,60000.0,,,micelles,,,,,,,130.0,nm,yes,pdmaema,93.3,functional_additive,,0.0,not_applicable,,0.0,not_applicable,6.7,,,mtt,human_epithelial_kidney_hek293_cells,human,direct_contact,10000.0,cells/well,dmem_with_serum,dmem_with_serum,3.125,mg/l,,,,37.0,celsius,5.0,humidified,,,,,,,,,98.7365177195685,non-toxic,,,,,,,,,
28,14,3hb,,100.0,0.0,,g/mol,60000.0,,,micelles,,,,,,,130.0,nm,yes,pdmaema,93.3,functional_additive,,0.0,not_applicable,,0.0,not_applicable,6.7,,,mtt,human_epithelial_kidney_hek293_cells,human,direct_contact,10000.0,cells/well,dmem_with_serum,dmem_with_serum,6.25,mg/l,,,,37.0,celsius,5.0,humidified,,,,,,,,,96.3328197226502,non-toxic,,,,,,,,,
28,15,3hb,,100.0,0.0,,g/mol,60000.0,,,micelles,,,,,,,130.0,nm,yes,pdmaema,93.3,functional_additive,,0.0,not_applicable,,0.0,not_applicable,6.7,,,mtt,human_epithelial_kidney_hek293_cells,human,direct_contact,10000.0,cells/well,dmem_with_serum,dmem_with_serum,12.5,mg/l,,,,37.0,celsius,5.0,humidified,,,,,,,,,85.9784283513097,non-toxic,,,,,,,,,
28,16,3hb,,100.0,0.0,,g/mol,60000.0,,,micelles,,,,,,,130.0,nm,yes,pdmaema,93.3,functional_additive,,0.0,not_applicable,,0.0,not_applicable,6.7,,,mtt,human_epithelial_kidney_hek293_cells,human,direct_contact,10000.0,cells/well,dmem_with_serum,dmem_with_serum,25.0,mg/l,,,,37.0,celsius,5.0,humidified,,,,,,,,,73.2203389830508,non-toxic,,,,,,,,,
28,17,3hb,,100.0,0.0,,g/mol,60000.0,,,micelles,,,,,,,130.0,nm,yes,pdmaema,93.3,functional_additive,,0.0,not_applicable,,0.0,not_applicable,6.7,,,mtt,human_epithelial_kidney_hek293_cells,human,direct_contact,10000.0,cells/well,dmem_with_serum,dmem_with_serum,50.0,mg/l,,,,37.0,celsius,5.0,humidified,,,,,,,,,69.8921417565485,toxic,,,,,,,,,
28,18,3hb,,100.0,0.0,,g/mol,60000.0,,,micelles,,,,,,,130.0,nm,yes,pdmaema,93.3,functional_additive,,0.0,not_applicable,,0.0,not_applicable,6.7,,,mtt,human_epithelial_kidney_hek293_cells,human,direct_contact,10000.0,cells/well,dmem_with_serum,dmem_with_serum,100.0,mg/l,,,,37.0,celsius,5.0,humidified,,,,,,,,,67.95,toxic,,,,,,,,,
29,1,3hb,3hv,81.0,19.0,,,,,,fiber,,,,,,,5.0,mm,no,,0.0,not_applicable,,0.0,not_applicable,,0.0,not_applicable,,,,cck-8,3t3_fibroblasts,mouse,direct_contact,10000.0,cells/well,,,,,,24.0,hours,37.0,celsius,5.0,humidified,,,,,,,,,98.205499276411,non-toxic,,,,,,,,,
29,2,3hb,3hv,81.0,19.0,,,,,,fiber,,,,,,,5.0,mm,yes,scaco3,16.7,filler,,0.0,not_applicable,,0.0,not_applicable,83.3,,,cck-8,3t3_fibroblasts,mouse,direct_contact,10000.0,cells/well,,,,,,24.0,hours,37.0,celsius,5.0,humidified,,,,,,,,,101.591895803183,non-toxic,,,,,,,,,
29,3,3hb,3hv,81.0,19.0,,,,,,fiber,,,,,,,5.0,mm,yes,mcaco3,16.7,reinforcement,,0.0,not_applicable,,0.0,not_applicable,83.3,,,cck-8,3t3_fibroblasts,mouse,direct_contact,10000.0,cells/well,,,,,,24.0,hours,37.0,celsius,5.0,humidified,,,,,,,,,100.636758321273,non-toxic,,,,,,,,,
30,1,3hb,,100.0,0.0,,g/mol,86.0,,,fiber,,,,,,,1.75,mm,yes,pla,73.91,matrix_polymer,ha_tcp,8.7,bioactive_reinforcement,tac,4.35,plasticizer,13.04,10993-5,,,l929,mouse,indirect_contact,10000.0,cells/well,mem_10fbs,mem_5fbs_atb,,,0.0,24.0,hours,37.0,celsius,,,,,,,,,,,104.761904761904,non-toxic,,,,,,,,,
30,2,3hb,,100.0,0.0,,g/mol,86.0,,,fiber,,,,,,,1.75,mm,yes,pla,73.91,matrix_polymer,ha_tcp,8.7,bioactive_reinforcement,tac,4.35,plasticizer,13.04,10993-5,,,l929,mouse,indirect_contact,10000.0,cells/well,mem_10fbs,mem_5fbs_atb,,,1.33,24.0,hours,37.0,celsius,,,,,,,,,,,95.7142857142857,non-toxic,,,,,,,,,
31,1,3hb,3hv,88.0,12.0,,,,,,microsphere,,,,,,,1.89,μm,no,,0.0,not_applicable,,0.0,not_applicable,,0.0,not_applicable,100.0,,,mts,hepg2,human,indirect_contact,75000.0,cells/well,dmem_10fbs_pen_strep,pbs,1.0,mg/l,,24.0,hours,37.0,celsius,5.0,humidified,,,,,,,,,97.0149253731343,non-toxic,,,,,,,,,
31,2,3hb,3hv,88.0,12.0,,,,,,microsphere,,,,,,,1.89,μm,no,,0.0,not_applicable,,0.0,not_applicable,,0.0,not_applicable,100.0,,,mts,hepg2,human,indirect_contact,75000.0,cells/well,dmem_10fbs_pen_strep,pbs,10.0,mg/l,,24.0,hours,37.0,celsius,5.0,humidified,,,,,,,,,91.4179104477612,non-toxic,,,,,,,,,
31,3,3hb,3hv,88.0,12.0,,,,,,microsphere,,,,,,,1.89,μm,no,,0.0,not_applicable,,0.0,not_applicable,,0.0,not_applicable,100.0,,,mts,hepg2,human,indirect_contact,75000.0,cells/well,dmem_10fbs_pen_strep,pbs,100.0,mg/l,,24.0,hours,37.0,celsius,5.0,humidified,,,,,,,,,72.7611940298507,non-toxic,,,,,,,,,
31,4,3hb,3hv,88.0,12.0,,,,,,microsphere,,,,,,,2.2,μm,yes,cef,6.6,antibiotic,,0.0,not_applicable,,0.0,not_applicable,93.4,,,mts,hepg2,human,indirect_contact,75000.0,cells/well,dmem_10fbs_pen_strep,pbs,1.0,mg/l,,24.0,hours,37.0,celsius,5.0,humidified,,,,,,,,,111.567164179104,non-toxic,,,,,,,,,
31,5,3hb,3hv,88.0,12.0,,,,,,microsphere,,,,,,,2.2,μm,yes,cef,6.6,antibiotic,,0.0,not_applicable,,0.0,not_applicable,93.4,,,mts,hepg2,human,indirect_contact,75000.0,cells/well,dmem_10fbs_pen_strep,pbs,10.0,mg/l,,24.0,hours,37.0,celsius,5.0,humidified,,,,,,,,,98.5074626865671,non-toxic,,,,,,,,,
31,6,3hb,3hv,88.0,12.0,,,,,,microsphere,,,,,,,2.2,μm,yes,cef,6.6,antibiotic,,0.0,not_applicable,,0.0,not_applicable,93.4,,,mts,hepg2,human,indirect_contact,75000.0,cells/well,dmem_10fbs_pen_strep,pbs,100.0,mg/l,,24.0,hours,37.0,celsius,5.0,humidified,,,,,,,,,69.4029850746268,toxic,,,,,,,,,
32,1,3hb,,100.0,0.0,437000.0,g/mol,,,,nanospheres,,,,,,,68.53,nm,yes,fa,33.33,targeting_ligand,peg,33.33,stabilizer,,0.0,not_applicable,33.33,,,mtt,mcf7,human,,6000.0,cells/well,dmem_10fbs_pen_strep,,0.0,mg/l,,24.0,hours,,,,,,,,,,,,,100.460372457084,non-toxic,,,,,,,,,
32,2,3hb,,100.0,0.0,437000.0,g/mol,,,,nanospheres,,,,,,,68.53,nm,yes,fa,33.33,targeting_ligand,peg,33.33,stabilizer,,0.0,not_applicable,33.33,,,mtt,mcf7,human,,6000.0,cells/well,dmem_10fbs_pen_strep,,0.2,mg/l,,24.0,hours,,,,,,,,,,,,,101.321611810155,non-toxic,,,,,,,,,
32,3,3hb,,100.0,0.0,437000.0,g/mol,,,,nanospheres,,,,,,,68.53,nm,yes,fa,33.33,targeting_ligand,peg,33.33,stabilizer,,0.0,not_applicable,33.33,,,mtt,mcf7,human,,6000.0,cells/well,dmem_10fbs_pen_strep,,0.6,mg/l,,24.0,hours,,,,,,,,,,,,,100.460372457084,non-toxic,,,,,,,,,
32,4,3hb,,100.0,0.0,437000.0,g/mol,,,,nanospheres,,,,,,,68.53,nm,yes,fa,33.33,targeting_ligand,peg,33.33,stabilizer,,0.0,not_applicable,33.33,,,mtt,mcf7,human,,6000.0,cells/well,dmem_10fbs_pen_strep,,1.3,mg/l,,24.0,hours,,,,,,,,,,,,,101.321611810155,non-toxic,,,,,,,,,
32,5,3hb,,100.0,0.0,437000.0,g/mol,,,,nanospheres,,,,,,,68.53,nm,yes,fa,33.33,targeting_ligand,peg,33.33,stabilizer,,0.0,not_applicable,33.33,,,mtt,mcf7,human,,6000.0,cells/well,dmem_10fbs_pen_strep,,3.0,mg/l,,24.0,hours,,,,,,,,,,,,,100.460372457084,non-toxic,,,,,,,,,
32,6,3hb,,100.0,0.0,437000.0,g/mol,,,,nanospheres,,,,,,,68.53,nm,yes,fa,33.33,targeting_ligand,peg,33.33,stabilizer,,0.0,not_applicable,33.33,,,mtt,mcf7,human,,6000.0,cells/well,dmem_10fbs_pen_strep,,6.0,mg/l,,24.0,hours,,,,,,,,,,,,,101.321611810155,non-toxic,,,,,,,,,
32,7,3hb,,100.0,0.0,437000.0,g/mol,,,,nanospheres,,,,,,,68.53,nm,yes,fa,33.33,targeting_ligand,peg,33.33,stabilizer,,0.0,not_applicable,33.33,,,mtt,mcf7,human,,6000.0,cells/well,dmem_10fbs_pen_strep,,0.0,mg/l,,48.0,hours,,,,,,,,,,,,,103.34928229665,non-toxic,,,,,,,,,
32,8,3hb,,100.0,0.0,437000.0,g/mol,,,,nanospheres,,,,,,,68.53,nm,yes,fa,33.33,targeting_ligand,peg,33.33,stabilizer,,0.0,not_applicable,33.33,,,mtt,mcf7,human,,6000.0,cells/well,dmem_10fbs_pen_strep,,0.2,mg/l,,48.0,hours,,,,,,,,,,,,,103.708133971291,non-toxic,,,,,,,,,
32,9,3hb,,100.0,0.0,437000.0,g/mol,,,,nanospheres,,,,,,,68.53,nm,yes,fa,33.33,targeting_ligand,peg,33.33,stabilizer,,0.0,not_applicable,33.33,,,mtt,mcf7,human,,6000.0,cells/well,dmem_10fbs_pen_strep,,0.6,mg/l,,48.0,hours,,,,,,,,,,,,,103.708133971291,non-toxic,,,,,,,,,
32,10,3hb,,100.0,0.0,437000.0,g/mol,,,,nanospheres,,,,,,,68.53,nm,yes,fa,33.33,targeting_ligand,peg,33.33,stabilizer,,0.0,not_applicable,33.33,,,mtt,mcf7,human,,6000.0,cells/well,dmem_10fbs_pen_strep,,1.3,mg/l,,48.0,hours,,,,,,,,,,,,,103.34928229665,non-toxic,,,,,,,,,
32,11,3hb,,100.0,0.0,437000.0,g/mol,,,,nanospheres,,,,,,,68.53,nm,yes,fa,33.33,targeting_ligand,peg,33.33,stabilizer,,0.0,not_applicable,33.33,,,mtt,mcf7,human,,6000.0,cells/well,dmem_10fbs_pen_strep,,3.0,mg/l,,48.0,hours,,,,,,,,,,,,,103.34928229665,non-toxic,,,,,,,,,
32,12,3hb,,100.0,0.0,437000.0,g/mol,,,,nanospheres,,,,,,,68.53,nm,yes,fa,33.33,targeting_ligand,peg,33.33,stabilizer,,0.0,not_applicable,33.33,,,mtt,mcf7,human,,6000.0,cells/well,dmem_10fbs_pen_strep,,6.0,mg/l,,48.0,hours,,,,,,,,,,,,,104.066985645933,non-toxic,,,,,,,,,
32,13,3hb,,100.0,0.0,437000.0,g/mol,,,,nanospheres,,,,,,,68.53,nm,yes,fa,33.33,targeting_ligand,peg,33.33,stabilizer,,0.0,not_applicable,33.33,,,mtt,mcf7,human,,6000.0,cells/well,dmem_10fbs_pen_strep,,0.0,mg/l,,72.0,hours,,,,,,,,,,,,,105.627808575513,non-toxic,,,,,,,,,
32,14,3hb,,100.0,0.0,437000.0,g/mol,,,,nanospheres,,,,,,,68.53,nm,yes,fa,33.33,targeting_ligand,peg,33.33,stabilizer,,0.0,not_applicable,33.33,,,mtt,mcf7,human,,6000.0,cells/well,dmem_10fbs_pen_strep,,0.2,mg/l,,72.0,hours,,,,,,,,,,,,,107.350287281656,non-toxic,,,,,,,,,
32,15,3hb,,100.0,0.0,437000.0,g/mol,,,,nanospheres,,,,,,,68.53,nm,yes,fa,33.33,targeting_ligand,peg,33.33,stabilizer,,0.0,not_applicable,33.33,,,mtt,mcf7,human,,6000.0,cells/well,dmem_10fbs_pen_strep,,0.6,mg/l,,72.0,hours,,,,,,,,,,,,,106.489047928585,non-toxic,,,,,,,,,
32,16,3hb,,100.0,0.0,437000.0,g/mol,,,,nanospheres,,,,,,,68.53,nm,yes,fa,33.33,targeting_ligand,peg,33.33,stabilizer,,0.0,not_applicable,33.33,,,mtt,mcf7,human,,6000.0,cells/well,dmem_10fbs_pen_strep,,1.3,mg/l,,72.0,hours,,,,,,,,,,,,,108.211526634728,non-toxic,,,,,,,,,
32,17,3hb,,100.0,0.0,437000.0,g/mol,,,,nanospheres,,,,,,,68.53,nm,yes,fa,33.33,targeting_ligand,peg,33.33,stabilizer,,0.0,not_applicable,33.33,,,mtt,mcf7,human,,6000.0,cells/well,dmem_10fbs_pen_strep,,3.0,mg/l,,72.0,hours,,,,,,,,,,,,,108.211526634728,non-toxic,,,,,,,,,
32,18,3hb,,100.0,0.0,437000.0,g/mol,,,,nanospheres,,,,,,,68.53,nm,yes,fa,33.33,targeting_ligand,peg,33.33,stabilizer,,0.0,not_applicable,32.9,,,mtt,mcf7,human,,6000.0,cells/well,dmem_10fbs_pen_strep,,6.0,mg/l,,72.0,hours,,,,,,,,,,,,,106.489047928585,non-toxic,,,,,,,,,
32,19,3hb,,100.0,0.0,437000.0,g/mol,,,,nanospheres,,,,,,,178.15,nm,yes,fa,32.9,targeting_ligand,peg,32.9,stabilizer,epi,1.32,active_drug,32.9,,,mtt,mcf7,human,,6000.0,cells/well,dmem_10fbs_pen_strep,,0.0,mg/l,,24.0,hours,,,,,,,,,,,,,100.460372457084,non-toxic,,,,,,,,,
32,20,3hb,,100.0,0.0,437000.0,g/mol,,,,nanospheres,,,,,,,178.15,nm,yes,fa,32.9,targeting_ligand,peg,32.9,stabilizer,epi,1.32,active_drug,32.9,,,mtt,mcf7,human,,6000.0,cells/well,dmem_10fbs_pen_strep,,0.2,mg/l,,24.0,hours,,,,,,,,,,,,,78.0681492772235,non-toxic,,,,,,,,,
32,21,3hb,,100.0,0.0,437000.0,g/mol,,,,nanospheres,,,,,,,178.15,nm,yes,fa,32.9,targeting_ligand,peg,32.9,stabilizer,epi,1.32,active_drug,32.9,,,mtt,mcf7,human,,6000.0,cells/well,dmem_10fbs_pen_strep,,0.6,mg/l,,24.0,hours,,,,,,,,,,,,,73.7619525118658,non-toxic,,,,,,,,,
32,22,3hb,,100.0,0.0,437000.0,g/mol,,,,nanospheres,,,,,,,178.15,nm,yes,fa,32.9,targeting_ligand,peg,32.9,stabilizer,epi,1.32,active_drug,32.9,,,mtt,mcf7,human,,6000.0,cells/well,dmem_10fbs_pen_strep,,1.3,mg/l,,24.0,hours,,,,,,,,,,,,,72.9007131587942,non-toxic,,,,,,,,,
32,23,3hb,,100.0,0.0,437000.0,g/mol,,,,nanospheres,,,,,,,178.15,nm,yes,fa,32.9,targeting_ligand,peg,32.9,stabilizer,epi,1.32,active_drug,32.9,,,mtt,mcf7,human,,6000.0,cells/well,dmem_10fbs_pen_strep,,3.0,mg/l,,24.0,hours,,,,,,,,,,,,,68.5945163934364,toxic,,,,,,,,,
32,24,3hb,,100.0,0.0,437000.0,g/mol,,,,nanospheres,,,,,,,178.15,nm,yes,fa,32.9,targeting_ligand,peg,32.9,stabilizer,epi,1.32,active_drug,32.9,,,mtt,mcf7,human,,6000.0,cells/well,dmem_10fbs_pen_strep,,6.0,mg/l,,24.0,hours,,,,,,,,,,,,,78.0681492772235,non-toxic,,,,,,,,,
32,25,3hb,,100.0,0.0,437000.0,g/mol,,,,nanospheres,,,,,,,178.15,nm,yes,fa,32.9,targeting_ligand,peg,32.9,stabilizer,epi,1.32,active_drug,32.9,,,mtt,mcf7,human,,6000.0,cells/well,dmem_10fbs_pen_strep,,0.0,mg/l,,48.0,hours,,,,,,,,,,,,,99.5991331040125,non-toxic,,,,,,,,,
32,26,3hb,,100.0,0.0,437000.0,g/mol,,,,nanospheres,,,,,,,178.15,nm,yes,fa,32.9,targeting_ligand,peg,32.9,stabilizer,epi,1.32,active_drug,32.9,,,mtt,mcf7,human,,6000.0,cells/well,dmem_10fbs_pen_strep,,0.2,mg/l,,48.0,hours,,,,,,,,,,,,,72.0394738057227,non-toxic,,,,,,,,,
32,27,3hb,,100.0,0.0,437000.0,g/mol,,,,nanospheres,,,,,,,178.15,nm,yes,fa,32.9,targeting_ligand,peg,32.9,stabilizer,epi,1.32,active_drug,32.9,,,mtt,mcf7,human,,6000.0,cells/well,dmem_10fbs_pen_strep,,0.6,mg/l,,48.0,hours,,,,,,,,,,,,,62.5658409219355,toxic,,,,,,,,,
32,28,3hb,,100.0,0.0,437000.0,g/mol,,,,nanospheres,,,,,,,178.15,nm,yes,fa,32.9,targeting_ligand,peg,32.9,stabilizer,epi,1.32,active_drug,32.9,,,mtt,mcf7,human,,6000.0,cells/well,dmem_10fbs_pen_strep,,1.3,mg/l,,48.0,hours,,,,,,,,,,,,,53.0922080381484,toxic,,,,,,,,,
32,29,3hb,,100.0,0.0,437000.0,g/mol,,,,nanospheres,,,,,,,178.15,nm,yes,fa,32.9,targeting_ligand,peg,32.9,stabilizer,epi,1.32,active_drug,32.9,,,mtt,mcf7,human,,6000.0,cells/well,dmem_10fbs_pen_strep,,3.0,mg/l,,48.0,hours,,,,,,,,,,,,,48.7860112727906,toxic,,,,,,,,,
32,30,3hb,,100.0,0.0,437000.0,g/mol,,,,nanospheres,,,,,,,178.15,nm,yes,fa,32.9,targeting_ligand,peg,32.9,stabilizer,epi,1.32,active_drug,32.9,,,mtt,mcf7,human,,6000.0,cells/well,dmem_10fbs_pen_strep,,6.0,mg/l,,48.0,hours,,,,,,,,,,,,,41.8960964482182,toxic,,,,,,,,,
32,31,3hb,,100.0,0.0,437000.0,g/mol,,,,nanospheres,,,,,,,178.15,nm,yes,fa,32.9,targeting_ligand,peg,32.9,stabilizer,epi,1.32,active_drug,32.9,,,mtt,mcf7,human,,6000.0,cells/well,dmem_10fbs_pen_strep,,0.0,mg/l,,72.0,hours,,,,,,,,,,,,,102.182851163227,non-toxic,,,,,,,,,
32,32,3hb,,100.0,0.0,437000.0,g/mol,,,,nanospheres,,,,,,,178.15,nm,yes,fa,32.9,targeting_ligand,peg,32.9,stabilizer,epi,1.32,active_drug,32.9,,,mtt,mcf7,human,,6000.0,cells/well,dmem_10fbs_pen_strep,,0.2,mg/l,,72.0,hours,,,,,,,,,,,,,56.5371654504346,toxic,,,,,,,,,
32,33,3hb,,100.0,0.0,437000.0,g/mol,,,,nanospheres,,,,,,,178.15,nm,yes,fa,32.9,targeting_ligand,peg,32.9,stabilizer,epi,1.32,active_drug,32.9,,,mtt,mcf7,human,,6000.0,cells/well,dmem_10fbs_pen_strep,,0.6,mg/l,,72.0,hours,,,,,,,,,,,,,53.0922080381484,toxic,,,,,,,,,
32,34,3hb,,100.0,0.0,437000.0,g/mol,,,,nanospheres,,,,,,,178.15,nm,yes,fa,32.9,targeting_ligand,peg,32.9,stabilizer,epi,1.32,active_drug,32.9,,,mtt,mcf7,human,,6000.0,cells/well,dmem_10fbs_pen_strep,,1.3,mg/l,,72.0,hours,,,,,,,,,,,,,48.7860112727906,toxic,,,,,,,,,
32,35,3hb,,100.0,0.0,437000.0,g/mol,,,,nanospheres,,,,,,,178.15,nm,yes,fa,32.9,targeting_ligand,peg,32.9,stabilizer,epi,1.32,active_drug,32.9,,,mtt,mcf7,human,,6000.0,cells/well,dmem_10fbs_pen_strep,,3.0,mg/l,,72.0,hours,,,,,,,,,,,,,30.6999848582879,toxic,,,,,,,,,
32,36,3hb,,100.0,0.0,437000.0,g/mol,,,,nanospheres,,,,,,,178.15,nm,yes,fa,32.9,targeting_ligand,peg,32.9,stabilizer,epi,1.32,active_drug,32.9,,,mtt,mcf7,human,,6000.0,cells/well,dmem_10fbs_pen_strep,,6.0,mg/l,,72.0,hours,,,,,,,,,,,,,19.5038732683576,toxic,,,,,,,,,
32,37,3hb,3hv,85.0,15.0,,,,,,nanospheres,,,,,,,40.75,nm,yes,fa,33.33,targeting_ligand,peg,33.33,stabilizer,,0.0,not_applicable,33.33,,,mtt,mcf7,human,,6000.0,cells/well,dmem_10fbs_pen_strep,,0.0,mg/l,,24.0,hours,,,,,,,,,,,,,101.754385964912,non-toxic,,,,,,,,,
32,38,3hb,3hv,85.0,15.0,,,,,,nanospheres,,,,,,,40.75,nm,yes,fa,33.33,targeting_ligand,peg,33.33,stabilizer,,0.0,not_applicable,33.33,,,mtt,mcf7,human,,6000.0,cells/well,dmem_10fbs_pen_strep,,0.2,mg/l,,24.0,hours,,,,,,,,,,,,,101.754385964912,non-toxic,,,,,,,,,
32,39,3hb,3hv,85.0,15.0,,,,,,nanospheres,,,,,,,40.75,nm,yes,fa,33.33,targeting_ligand,peg,33.33,stabilizer,,0.0,not_applicable,33.33,,,mtt,mcf7,human,,6000.0,cells/well,dmem_10fbs_pen_strep,,0.6,mg/l,,24.0,hours,,,,,,,,,,,,,102.631578947368,non-toxic,,,,,,,,,
32,40,3hb,3hv,85.0,15.0,,,,,,nanospheres,,,,,,,40.75,nm,yes,fa,33.33,targeting_ligand,peg,33.33,stabilizer,,0.0,not_applicable,33.33,,,mtt,mcf7,human,,6000.0,cells/well,dmem_10fbs_pen_strep,,1.3,mg/l,,24.0,hours,,,,,,,,,,,,,101.754385964912,non-toxic,,,,,,,,,
32,41,3hb,3hv,85.0,15.0,,,,,,nanospheres,,,,,,,40.75,nm,yes,fa,33.33,targeting_ligand,peg,33.33,stabilizer,,0.0,not_applicable,33.33,,,mtt,mcf7,human,,6000.0,cells/well,dmem_10fbs_pen_strep,,3.0,mg/l,,24.0,hours,,,,,,,,,,,,,101.754385964912,non-toxic,,,,,,,,,
32,42,3hb,3hv,85.0,15.0,,,,,,nanospheres,,,,,,,40.75,nm,yes,fa,33.33,targeting_ligand,peg,33.33,stabilizer,,0.0,not_applicable,33.33,,,mtt,mcf7,human,,6000.0,cells/well,dmem_10fbs_pen_strep,,6.0,mg/l,,24.0,hours,,,,,,,,,,,,,102.0,non-toxic,,,,,,,,,
32,43,3hb,3hv,85.0,15.0,,,,,,nanospheres,,,,,,,40.75,nm,yes,fa,33.33,targeting_ligand,peg,33.33,stabilizer,,0.0,not_applicable,33.33,,,mtt,mcf7,human,,6000.0,cells/well,dmem_10fbs_pen_strep,,0.0,mg/l,,48.0,hours,,,,,,,,,,,,,106.140350877192,non-toxic,,,,,,,,,
32,44,3hb,3hv,85.0,15.0,,,,,,nanospheres,,,,,,,40.75,nm,yes,fa,33.33,targeting_ligand,peg,33.33,stabilizer,,0.0,not_applicable,33.33,,,mtt,mcf7,human,,6000.0,cells/well,dmem_10fbs_pen_strep,,0.2,mg/l,,48.0,hours,,,,,,,,,,,,,105.263157894736,non-toxic,,,,,,,,,
32,45,3hb,3hv,85.0,15.0,,,,,,nanospheres,,,,,,,40.75,nm,yes,fa,33.33,targeting_ligand,peg,33.33,stabilizer,,0.0,not_applicable,33.33,,,mtt,mcf7,human,,6000.0,cells/well,dmem_10fbs_pen_strep,,0.6,mg/l,,48.0,hours,,,,,,,,,,,,,104.38596491228,non-toxic,,,,,,,,,
32,46,3hb,3hv,85.0,15.0,,,,,,nanospheres,,,,,,,40.75,nm,yes,fa,33.33,targeting_ligand,peg,33.33,stabilizer,,0.0,not_applicable,33.33,,,mtt,mcf7,human,,6000.0,cells/well,dmem_10fbs_pen_strep,,1.3,mg/l,,48.0,hours,,,,,,,,,,,,,107.017543859649,non-toxic,,,,,,,,,
32,47,3hb,3hv,85.0,15.0,,,,,,nanospheres,,,,,,,40.75,nm,yes,fa,33.33,targeting_ligand,peg,33.33,stabilizer,,0.0,not_applicable,33.33,,,mtt,mcf7,human,,6000.0,cells/well,dmem_10fbs_pen_strep,,3.0,mg/l,,48.0,hours,,,,,,,,,,,,,105.263157894736,non-toxic,,,,,,,,,
32,48,3hb,3hv,85.0,15.0,,,,,,nanospheres,,,,,,,40.75,nm,yes,fa,33.33,targeting_ligand,peg,33.33,stabilizer,,0.0,not_applicable,33.33,,,mtt,mcf7,human,,6000.0,cells/well,dmem_10fbs_pen_strep,,6.0,mg/l,,48.0,hours,,,,,,,,,,,,,103.508771929824,non-toxic,,,,,,,,,
32,49,3hb,3hv,85.0,15.0,,,,,,nanospheres,,,,,,,40.75,nm,yes,fa,33.33,targeting_ligand,peg,33.33,stabilizer,,0.0,not_applicable,33.33,,,mtt,mcf7,human,,6000.0,cells/well,dmem_10fbs_pen_strep,,0.0,mg/l,,72.0,hours,,,,,,,,,,,,,102.631578947368,non-toxic,,,,,,,,,
32,50,3hb,3hv,85.0,15.0,,,,,,nanospheres,,,,,,,40.75,nm,yes,fa,33.33,targeting_ligand,peg,33.33,stabilizer,,0.0,not_applicable,33.33,,,mtt,mcf7,human,,6000.0,cells/well,dmem_10fbs_pen_strep,,0.2,mg/l,,72.0,hours,,,,,,,,,,,,,101.754385964912,non-toxic,,,,,,,,,
32,51,3hb,3hv,85.0,15.0,,,,,,nanospheres,,,,,,,40.75,nm,yes,fa,33.33,targeting_ligand,peg,33.33,stabilizer,,0.0,not_applicable,33.33,,,mtt,mcf7,human,,6000.0,cells/well,dmem_10fbs_pen_strep,,0.6,mg/l,,72.0,hours,,,,,,,,,,,,,103.508771929824,non-toxic,,,,,,,,,
32,52,3hb,3hv,85.0,15.0,,,,,,nanospheres,,,,,,,40.75,nm,yes,fa,33.33,targeting_ligand,peg,33.33,stabilizer,,0.0,not_applicable,33.33,,,mtt,mcf7,human,,6000.0,cells/well,dmem_10fbs_pen_strep,,1.3,mg/l,,72.0,hours,,,,,,,,,,,,,105.263157894736,non-toxic,,,,,,,,,
32,53,3hb,3hv,85.0,15.0,,,,,,nanospheres,,,,,,,40.75,nm,yes,fa,33.33,targeting_ligand,peg,33.33,stabilizer,,0.0,not_applicable,33.33,,,mtt,mcf7,human,,6000.0,cells/well,dmem_10fbs_pen_strep,,3.0,mg/l,,72.0,hours,,,,,,,,,,,,,104.38596491228,non-toxic,,,,,,,,,
32,54,3hb,3hv,85.0,15.0,,,,,,nanospheres,,,,,,,40.75,nm,yes,fa,33.33,targeting_ligand,peg,33.33,stabilizer,,0.0,not_applicable,32.9,,,mtt,mcf7,human,,6000.0,cells/well,dmem_10fbs_pen_strep,,6.0,mg/l,,72.0,hours,,,,,,,,,,,,,103.508771929824,non-toxic,,,,,,,,,
32,55,3hb,3hv,85.0,15.0,,,,,,nanospheres,,,,,,,125.89,nm,yes,fa,32.9,targeting_ligand,peg,32.9,stabilizer,epi,1.32,active_drug,32.9,,,mtt,mcf7,human,,6000.0,cells/well,dmem_10fbs_pen_strep,,0.0,mg/l,,24.0,hours,,,,,,,,,,,,,100.877192982456,non-toxic,,,,,,,,,
32,56,3hb,3hv,85.0,15.0,,,,,,nanospheres,,,,,,,125.89,nm,yes,fa,32.9,targeting_ligand,peg,32.9,stabilizer,epi,1.32,active_drug,32.9,,,mtt,mcf7,human,,6000.0,cells/well,dmem_10fbs_pen_strep,,0.2,mg/l,,24.0,hours,,,,,,,,,,,,,80.7017543859649,non-toxic,,,,,,,,,
32,57,3hb,3hv,85.0,15.0,,,,,,nanospheres,,,,,,,125.89,nm,yes,fa,32.9,targeting_ligand,peg,32.9,stabilizer,epi,1.32,active_drug,32.9,,,mtt,mcf7,human,,6000.0,cells/well,dmem_10fbs_pen_strep,,0.6,mg/l,,24.0,hours,,,,,,,,,,,,,73.6842105263157,non-toxic,,,,,,,,,
32,58,3hb,3hv,85.0,15.0,,,,,,nanospheres,,,,,,,125.89,nm,yes,fa,32.9,targeting_ligand,peg,32.9,stabilizer,epi,1.32,active_drug,32.9,,,mtt,mcf7,human,,6000.0,cells/well,dmem_10fbs_pen_strep,,1.3,mg/l,,24.0,hours,,,,,,,,,,,,,71.0526315789473,non-toxic,,,,,,,,,
32,59,3hb,3hv,85.0,15.0,,,,,,nanospheres,,,,,,,125.89,nm,yes,fa,32.9,targeting_ligand,peg,32.9,stabilizer,epi,1.32,active_drug,32.9,,,mtt,mcf7,human,,6000.0,cells/well,dmem_10fbs_pen_strep,,3.0,mg/l,,24.0,hours,,,,,,,,,,,,,68.4210526315789,toxic,,,,,,,,,
32,60,3hb,3hv,85.0,15.0,,,,,,nanospheres,,,,,,,125.89,nm,yes,fa,32.9,targeting_ligand,peg,32.9,stabilizer,epi,1.32,active_drug,32.9,,,mtt,mcf7,human,,6000.0,cells/well,dmem_10fbs_pen_strep,,6.0,mg/l,,24.0,hours,,,,,,,,,,,,,77.1929824561403,non-toxic,,,,,,,,,
32,61,3hb,3hv,85.0,15.0,,,,,,nanospheres,,,,,,,125.89,nm,yes,fa,32.9,targeting_ligand,peg,32.9,stabilizer,epi,1.32,active_drug,32.9,,,mtt,mcf7,human,,6000.0,cells/well,dmem_10fbs_pen_strep,,0.0,mg/l,,48.0,hours,,,,,,,,,,,,,100.802558765076,non-toxic,,,,,,,,,
32,62,3hb,3hv,85.0,15.0,,,,,,nanospheres,,,,,,,125.89,nm,yes,fa,32.9,targeting_ligand,peg,32.9,stabilizer,epi,1.32,active_drug,32.9,,,mtt,mcf7,human,,6000.0,cells/well,dmem_10fbs_pen_strep,,0.2,mg/l,,48.0,hours,,,,,,,,,,,,,77.020888300667,non-toxic,,,,,,,,,
32,63,3hb,3hv,85.0,15.0,,,,,,nanospheres,,,,,,,125.89,nm,yes,fa,32.9,targeting_ligand,peg,32.9,stabilizer,epi,1.32,active_drug,32.9,,,mtt,mcf7,human,,6000.0,cells/well,dmem_10fbs_pen_strep,,0.6,mg/l,,48.0,hours,,,,,,,,,,,,,66.884430110106,toxic,,,,,,,,,
32,64,3hb,3hv,85.0,15.0,,,,,,nanospheres,,,,,,,125.89,nm,yes,fa,32.9,targeting_ligand,peg,32.9,stabilizer,epi,1.32,active_drug,32.9,,,mtt,mcf7,human,,6000.0,cells/well,dmem_10fbs_pen_strep,,1.3,mg/l,,48.0,hours,,,,,,,,,,,,,59.0871532060946,toxic,,,,,,,,,
32,65,3hb,3hv,85.0,15.0,,,,,,nanospheres,,,,,,,125.89,nm,yes,fa,32.9,targeting_ligand,peg,32.9,stabilizer,epi,1.32,active_drug,32.9,,,mtt,mcf7,human,,6000.0,cells/well,dmem_10fbs_pen_strep,,3.0,mg/l,,48.0,hours,,,,,,,,,,,,,54.0189330340826,toxic,,,,,,,,,
32,66,3hb,3hv,85.0,15.0,,,,,,nanospheres,,,,,,,125.89,nm,yes,fa,32.9,targeting_ligand,peg,32.9,stabilizer,epi,1.32,active_drug,32.9,,,mtt,mcf7,human,,6000.0,cells/well,dmem_10fbs_pen_strep,,6.0,mg/l,,48.0,hours,,,,,,,,,,,,,48.9507128620705,toxic,,,,,,,,,
32,67,3hb,3hv,85.0,15.0,,,,,,nanospheres,,,,,,,125.89,nm,yes,fa,32.9,targeting_ligand,peg,32.9,stabilizer,epi,1.32,active_drug,32.9,,,mtt,mcf7,human,,6000.0,cells/well,dmem_10fbs_pen_strep,,0.0,mg/l,,72.0,hours,,,,,,,,,,,,,101.192416363989,non-toxic,,,,,,,,,
32,68,3hb,3hv,85.0,15.0,,,,,,nanospheres,,,,,,,125.89,nm,yes,fa,32.9,targeting_ligand,peg,32.9,stabilizer,epi,1.32,active_drug,32.9,,,mtt,mcf7,human,,6000.0,cells/well,dmem_10fbs_pen_strep,,0.2,mg/l,,72.0,hours,,,,,,,,,,,,,59.4770286515441,toxic,,,,,,,,,
32,69,3hb,3hv,85.0,15.0,,,,,,nanospheres,,,,,,,125.89,nm,yes,fa,32.9,targeting_ligand,peg,32.9,stabilizer,epi,1.32,active_drug,32.9,,,mtt,mcf7,human,,6000.0,cells/well,dmem_10fbs_pen_strep,,0.6,mg/l,,72.0,hours,,,,,,,,,,,,,53.2391999897204,toxic,,,,,,,,,
32,70,3hb,3hv,85.0,15.0,,,,,,nanospheres,,,,,,,125.89,nm,yes,fa,32.9,targeting_ligand,peg,32.9,stabilizer,epi,1.32,active_drug,32.9,,,mtt,mcf7,human,,6000.0,cells/well,dmem_10fbs_pen_strep,,1.3,mg/l,,72.0,hours,,,,,,,,,,,,,46.6115315755208,toxic,,,,,,,,,
32,71,3hb,3hv,85.0,15.0,,,,,,nanospheres,,,,,,,125.89,nm,yes,fa,32.9,targeting_ligand,peg,32.9,stabilizer,epi,1.32,active_drug,32.9,,,mtt,mcf7,human,,6000.0,cells/well,dmem_10fbs_pen_strep,,3.0,mg/l,,72.0,hours,,,,,,,,,,,,,41.5432935569718,toxic,,,,,,,,,
32,72,3hb,3hv,85.0,15.0,,,,,,nanospheres,,,,,,,125.89,nm,yes,fa,32.9,targeting_ligand,peg,32.9,stabilizer,epi,1.32,active_drug,32.9,,,mtt,mcf7,human,,6000.0,cells/well,dmem_10fbs_pen_strep,,6.0,mg/l,,72.0,hours,,,,,,,,,,,,,30.6271023220485,toxic,,,,,,,,,
33,1,3hb,,100.0,0.0,,,,,,film,,,,,,,,,yes,cnw,2.0,reinforcement,,0.0,not_applicable,,0.0,not_applicable,98.0,,,ldh,pbmc,human,indirect_contact,1000000.0,cells/well,,,,,,24.0,hours,37.0,celsius,5.0,humidified,,,,,,,,,88.1818174724737,non-toxic,,,,,,,,,
33,2,3hb,,100.0,0.0,,,,,,film,,,,,,,,,yes,cnw,10.0,reinforcement,,0.0,not_applicable,,0.0,not_applicable,90.0,,,ldh,pbmc,human,indirect_contact,1000000.0,cells/well,,,,,,24.0,hours,37.0,celsius,5.0,humidified,,,,,,,,,104.999999219721,non-toxic,,,,,,,,,
33,3,3hb,,100.0,0.0,,,,,,film,,,,,,,,,yes,mcc,2.0,reinforcement,,0.0,not_applicable,,0.0,not_applicable,98.0,,,ldh,pbmc,human,indirect_contact,1000000.0,cells/well,,,,,,24.0,hours,37.0,celsius,5.0,humidified,,,,,,,,,86.8181895500365,non-toxic,,,,,,,,,
33,4,3hb,,100.0,0.0,,,,,,film,,,,,,,,,yes,mcc,10.0,reinforcement,,0.0,not_applicable,,0.0,not_applicable,90.0,,,ldh,pbmc,human,indirect_contact,1000000.0,cells/well,,,,,,24.0,hours,37.0,celsius,5.0,humidified,,,,,,,,,89.5454578793735,non-toxic,,,,,,,,,
34,1,3hb,,100.0,0.0,,,,,,nanofibers,,,,,,,534.0,nm,no,,0.0,not_applicable,,0.0,not_applicable,,0.0,not_applicable,100.0,,,mtt,chondrocytes,,direct_contact,160000.0,cells/well,dmem_10fbs_pen_strep,,,,,24.0,hours,37.0,celsius,,,,,,,,,,,54.5097893347387,toxic,,,,,,,,,
34,2,3hb,,100.0,0.0,,,,,,nanofibers,,,,,,,534.0,nm,no,,0.0,not_applicable,,0.0,not_applicable,,0.0,not_applicable,100.0,,,mtt,chondrocytes,,direct_contact,160000.0,cells/well,dmem_10fbs_pen_strep,,,,,168.0,hours,37.0,celsius,,,,,,,,,,,58.6274485024032,toxic,,,,,,,,,
34,3,3hb,,100.0,0.0,,,,,,nanofibers,,,,,,,289.0,nm,yes,starch,10.0,compatibilizer,,0.0,not_applicable,,0.0,not_applicable,90.0,,,mtt,chondrocytes,,direct_contact,160000.0,cells/well,dmem_10fbs_pen_strep,,,,,24.0,hours,37.0,celsius,,,,,,,,,,,90.7843153418356,non-toxic,,,,,,,,,
34,4,3hb,,100.0,0.0,,,,,,nanofibers,,,,,,,289.0,nm,yes,starch,10.0,compatibilizer,,0.0,not_applicable,,0.0,not_applicable,90.0,,,mtt,chondrocytes,,direct_contact,160000.0,cells/well,dmem_10fbs_pen_strep,,,,,168.0,hours,37.0,celsius,,,,,,,,,,,97.4509814890718,non-toxic,,,,,,,,,
34,5,3hb,,100.0,0.0,,,,,,nanofibers,,,,,,,158.0,nm,yes,starch,10.0,compatibilizer,hnt,2.0,nanofiller,,0.0,not_applicable,88.0,,,mtt,chondrocytes,,direct_contact,160000.0,cells/well,dmem_10fbs_pen_strep,,,,,24.0,hours,37.0,celsius,,,,,,,,,,,92.7450997227815,non-toxic,,,,,,,,,
34,6,3hb,,100.0,0.0,,,,,,nanofibers,,,,,,,158.0,nm,yes,starch,10.0,compatibilizer,hnt,2.0,nanofiller,,0.0,not_applicable,88.0,,,mtt,chondrocytes,,direct_contact,160000.0,cells/well,dmem_10fbs_pen_strep,,,,,168.0,hours,37.0,celsius,,,,,,,,,,,98.8235245718949,non-toxic,,,,,,,,,
35,1,3hb,,100.0,0.0,,,,,,nanofibers,,,,,,,2.22,μm,no,,0.0,not_applicable,,0.0,not_applicable,,0.0,not_applicable,,,,fluorometric,drg_neurons,rat,direct_contact,20000.0,cells/well,f12_10fcs_primocin,,,,,48.0,hours,37.0,celsius,,,,,,,,,,,77.7385115571377,non-toxic,,,,,,,,,
35,2,3hb,,100.0,0.0,,,,,,nanofibers,,,,,,,1.36,μm,yes,melanin,30.0,functional_additive,,0.0,not_applicable,,0.0,not_applicable,70.0,,,fluorometric,drg_neurons,rat,direct_contact,20000.0,cells/well,f12_10fcs_primocin,,,,,48.0,hours,37.0,celsius,,,,,,,,,,,80.9187236141396,non-toxic,,,,,,,,,
36,1,3hb,,100.0,0.0,,,,,,nanofibers,,,,,,,257.0,nm,yes,pc,63.0,emulsifier,cholesterol,27.0,stabilizer,,0.0,not_applicable,10.0,,,mtt,hacat,human,direct_contact,,,,,10.0,mg/l,,24.0,hours,37.0,celsius,,,,,,,,,,,80.3305582521149,non-toxic,,,,,,,,,
36,2,3hb,,100.0,0.0,,,,,,nanofibers,,,,,,,257.0,nm,yes,pc,63.0,emulsifier,cholesterol,27.0,stabilizer,,0.0,not_applicable,10.0,,,mtt,hacat,human,direct_contact,,,,,20.0,mg/l,,24.0,hours,37.0,celsius,,,,,,,,,,,69.4215003597794,toxic,,,,,,,,,
36,3,3hb,,100.0,0.0,,,,,,nanofibers,,,,,,,257.0,nm,yes,pc,63.0,emulsifier,cholesterol,27.0,stabilizer,,0.0,not_applicable,10.0,,,mtt,hacat,human,direct_contact,,,,,30.0,mg/l,,24.0,hours,37.0,celsius,,,,,,,,,,,67.4380146529736,toxic,,,,,,,,,
36,4,3hb,,100.0,0.0,,,,,,nanofibers,,,,,,,257.0,nm,yes,pc,63.0,emulsifier,cholesterol,27.0,stabilizer,,0.0,not_applicable,10.0,,,mtt,hacat,human,direct_contact,,,,,40.0,mg/l,,24.0,hours,37.0,celsius,,,,,,,,,,,60.4958827762111,toxic,,,,,,,,,
36,5,3hb,,100.0,0.0,,,,,,nanofibers,,,,,,,257.0,nm,yes,pc,63.0,emulsifier,cholesterol,27.0,stabilizer,,0.0,not_applicable,10.0,,,mtt,hacat,human,direct_contact,,,,,50.0,mg/l,,24.0,hours,37.0,celsius,,,,,,,,,,,50.5784996402205,toxic,,,,,,,,,
36,6,3hb,,100.0,0.0,,,,,,nanofibers,,,,,,,257.0,nm,yes,pc,63.0,emulsifier,cholesterol,27.0,stabilizer,,0.0,not_applicable,10.0,,,mtt,hacat,human,direct_contact,,,,,60.0,mg/l,,24.0,hours,37.0,celsius,,,,,,,,,,,50.5784996402205,toxic,,,,,,,,,
36,7,3hb,,100.0,0.0,,,,,,nanofibers,,,,,,,257.0,nm,yes,pc,63.0,emulsifier,cholesterol,27.0,stabilizer,,0.0,not_applicable,10.0,,,mtt,hacat,human,direct_contact,,,,,70.0,mg/l,,24.0,hours,37.0,celsius,,,,,,,,,,,54.5454710538322,toxic,,,,,,,,,
36,8,3hb,,100.0,0.0,,,,,,nanofibers,,,,,,,535.0,nm,yes,pc,35.0,emulsifier,cholesterol,15.0,stabilizer,,0.0,not_applicable,50.0,,,mtt,hacat,human,direct_contact,,,,,10.0,mg/l,,24.0,hours,37.0,celsius,,,,,,,,,,,82.3140439589207,non-toxic,,,,,,,,,
36,9,3hb,,100.0,0.0,,,,,,nanofibers,,,,,,,535.0,nm,yes,pc,35.0,emulsifier,cholesterol,15.0,stabilizer,,0.0,not_applicable,50.0,,,mtt,hacat,human,direct_contact,,,,,20.0,mg/l,,24.0,hours,37.0,celsius,,,,,,,,,,,74.380146529736,non-toxic,,,,,,,,,
36,10,3hb,,100.0,0.0,,,,,,nanofibers,,,,,,,535.0,nm,yes,pc,35.0,emulsifier,cholesterol,15.0,stabilizer,,0.0,not_applicable,50.0,,,mtt,hacat,human,direct_contact,,,,,30.0,mg/l,,24.0,hours,37.0,celsius,,,,,,,,,,,56.5289113625994,toxic,,,,,,,,,
36,11,3hb,,100.0,0.0,,,,,,nanofibers,,,,,,,535.0,nm,yes,pc,35.0,emulsifier,cholesterol,15.0,stabilizer,,0.0,not_applicable,50.0,,,mtt,hacat,human,direct_contact,,,,,40.0,mg/l,,24.0,hours,37.0,celsius,,,,,,,,,,,56.5289113625994,toxic,,,,,,,,,
36,12,3hb,,100.0,0.0,,,,,,nanofibers,,,,,,,535.0,nm,yes,pc,35.0,emulsifier,cholesterol,15.0,stabilizer,,0.0,not_applicable,50.0,,,mtt,hacat,human,direct_contact,,,,,50.0,mg/l,,24.0,hours,37.0,celsius,,,,,,,,,,,54.5454710538322,toxic,,,,,,,,,
36,13,3hb,,100.0,0.0,,,,,,nanofibers,,,,,,,535.0,nm,yes,pc,35.0,emulsifier,cholesterol,15.0,stabilizer,,0.0,not_applicable,50.0,,,mtt,hacat,human,direct_contact,,,,,60.0,mg/l,,24.0,hours,37.0,celsius,,,,,,,,,,,51.5702651926427,toxic,,,,,,,,,
36,14,3hb,,100.0,0.0,,,,,,nanofibers,,,,,,,535.0,nm,yes,pc,35.0,emulsifier,cholesterol,15.0,stabilizer,,0.0,not_applicable,50.0,,,mtt,hacat,human,direct_contact,,,,,70.0,mg/l,,24.0,hours,37.0,celsius,,,,,,,,,,,48.5950593314533,toxic,,,,,,,,,
36,15,3hb,,100.0,0.0,,,,,,nanofibers,,,,,,,308.0,nm,no,,0.0,not_applicable,,0.0,not_applicable,,0.0,not_applicable,100.0,,,mtt,hacat,human,direct_contact,,,,,10.0,mg/l,,24.0,hours,37.0,celsius,,,,,,,,,,,61.4876029305947,toxic,,,,,,,,,
36,16,3hb,,100.0,0.0,,,,,,nanofibers,,,,,,,308.0,nm,no,,0.0,not_applicable,,0.0,not_applicable,,0.0,not_applicable,100.0,,,mtt,hacat,human,direct_contact,,,,,20.0,mg/l,,24.0,hours,37.0,celsius,,,,,,,,,,,58.5123970694053,toxic,,,,,,,,,
36,17,3hb,,100.0,0.0,,,,,,nanofibers,,,,,,,308.0,nm,no,,0.0,not_applicable,,0.0,not_applicable,,0.0,not_applicable,100.0,,,mtt,hacat,human,direct_contact,,,,,30.0,mg/l,,24.0,hours,37.0,celsius,,,,,,,,,,,62.4793230849783,toxic,,,,,,,,,
36,18,3hb,,100.0,0.0,,,,,,nanofibers,,,,,,,308.0,nm,no,,0.0,not_applicable,,0.0,not_applicable,,0.0,not_applicable,100.0,,,mtt,hacat,human,direct_contact,,,,,40.0,mg/l,,24.0,hours,37.0,celsius,,,,,,,,,,,49.5867794858368,toxic,,,,,,,,,
36,19,3hb,,100.0,0.0,,,,,,nanofibers,,,,,,,308.0,nm,no,,0.0,not_applicable,,0.0,not_applicable,,0.0,not_applicable,100.0,,,mtt,hacat,human,direct_contact,,,,,50.0,mg/l,,24.0,hours,37.0,celsius,,,,,,,,,,,42.6446476090744,toxic,,,,,,,,,
36,20,3hb,,100.0,0.0,,,,,,nanofibers,,,,,,,308.0,nm,no,,0.0,not_applicable,,0.0,not_applicable,,0.0,not_applicable,100.0,,,mtt,hacat,human,direct_contact,,,,,60.0,mg/l,,24.0,hours,37.0,celsius,,,,,,,,,,,38.6776761954628,toxic,,,,,,,,,
36,21,3hb,,100.0,0.0,,,,,,nanofibers,,,,,,,308.0,nm,no,,0.0,not_applicable,,0.0,not_applicable,,0.0,not_applicable,100.0,,,mtt,hacat,human,direct_contact,,,,,70.0,mg/l,,24.0,hours,37.0,celsius,,,,,,,,,,,40.6611619022686,toxic,,,,,,,,,
37,1,3hb,,100.0,0.0,155436.0,g/mol,143258.0,,1.08,,,,,,,,,,no,,0.0,not_applicable,,0.0,not_applicable,,0.0,not_applicable,100.0,,,mtt,hepg2,human,direct_contact,2000.0,cells/well,,,50.0,mg/l,,24.0,hours,37.0,celsius,,,,,,,,,,,100.0,non-toxic,,,,,,,,,
37,2,3hb,,100.0,0.0,155436.0,g/mol,143258.0,,1.08,,,,,,,,,,no,,0.0,not_applicable,,0.0,not_applicable,,0.0,not_applicable,100.0,,,mtt,hepg2,human,direct_contact,2000.0,cells/well,,,100.0,mg/l,,24.0,hours,37.0,celsius,,,,,,,,,,,98.3870992749835,non-toxic,,,,,,,,,
37,3,3hb,,100.0,0.0,155436.0,g/mol,143258.0,,1.08,,,,,,,,,,no,,0.0,not_applicable,,0.0,not_applicable,,0.0,not_applicable,100.0,,,mtt,hepg2,human,direct_contact,2000.0,cells/well,,,200.0,mg/l,,24.0,hours,37.0,celsius,,,,,,,,,,,98.3870992749835,non-toxic,,,,,,,,,
37,4,3hb,,100.0,0.0,155436.0,g/mol,143258.0,,1.08,,,,,,,,,,no,,0.0,not_applicable,,0.0,not_applicable,,0.0,not_applicable,100.0,,,mtt,hepg2,human,direct_contact,2000.0,cells/well,,,400.0,mg/l,,24.0,hours,37.0,celsius,,,,,,,,,,,98.7096749900159,non-toxic,,,,,,,,,
38,1,3hb,3hv,88.0,12.0,50000.0,g/mol,,,,film,2.0,mm,,,,,,,no,,0.0,not_applicable,,0.0,not_applicable,,0.0,not_applicable,100.0,,f813-83,mtt,vero_cells,monkey,indirect_contact,,,,,,,,,,,,,,,,,,,,,,120.223853491021,non-toxic,,,,,,,,,
38,2,3hb,3hv,88.0,12.0,50000.0,g/mol,,,,film,2.0,mm,,,,,,,yes,pcl,25.0,flexibilizer,,0.0,not_applicable,,0.0,not_applicable,75.0,,f813-83,mtt,vero_cells,monkey,indirect_contact,,,,,,,,,,,,,,,,,,,,,,116.805022350766,non-toxic,,,,,,,,,
38,3,3hb,3hv,88.0,12.0,50000.0,g/mol,,,,film,2.0,mm,,,,,,,yes,pcl,50.0,flexibilizer,,0.0,not_applicable,,0.0,not_applicable,50.0,,f813-83,mtt,vero_cells,monkey,indirect_contact,,,,,,,,,,,,,,,,,,,,,,102.104048447671,non-toxic,,,,,,,,,
38,4,3hb,3hv,88.0,12.0,50000.0,g/mol,,,,film,2.0,mm,,,,,,,no,,0.0,not_applicable,,0.0,not_applicable,,0.0,not_applicable,100.0,,f813-83,mtt,vero_cells,monkey,direct_contact,,,,,,,,,,,,,,,,,,,,,,42.9130434782608,toxic,,,,,,,,,
38,5,3hb,3hv,88.0,12.0,50000.0,g/mol,,,,film,2.0,mm,,,,,,,yes,pcl,25.0,flexibilizer,,0.0,not_applicable,,0.0,not_applicable,75.0,,f813-83,mtt,vero_cells,monkey,direct_contact,,,,,,,,,,,,,,,,,,,,,,42.3043478260869,toxic,,,,,,,,,
38,6,3hb,3hv,88.0,12.0,50000.0,g/mol,,,,film,2.0,mm,,,,,,,yes,pcl,50.0,flexibilizer,,0.0,not_applicable,,0.0,not_applicable,50.0,,f813-83,mtt,vero_cells,monkey,direct_contact,,,,,,,,,,,,,,,,,,,,,,45.9565217391304,toxic,,,,,,,,,
39,1,3hb,3hv,92.0,8.0,,,,,,nanoparticle,,,,,,,101.4,nm,yes,polydopamine,8.77,adhesive,folic_acid,3.51,targeting_ligard,,0.0,not_applicable,87.72,,,mtt,l02_cells,human,,10000.0,cells/well,,,0.1,mg/l,,48.0,hours,37.0,,5.0,,,,,,,,,,95.258623506878,non-toxic,,,,,,,,,
39,2,3hb,3hv,92.0,8.0,,,,,,nanoparticle,,,,,,,101.4,nm,yes,polydopamine,8.77,adhesive,folic_acid,3.51,targeting_ligard,,0.0,not_applicable,87.72,,,mtt,l02_cells,human,,10000.0,cells/well,,,1.0,mg/l,,48.0,hours,37.0,,5.0,,,,,,,,,,93.9655111108188,non-toxic,,,,,,,,,
39,3,3hb,3hv,92.0,8.0,,,,,,nanoparticle,,,,,,,101.4,nm,yes,polydopamine,8.77,adhesive,folic_acid,3.51,targeting_ligard,,0.0,not_applicable,87.72,,,mtt,l02_cells,human,,10000.0,cells/well,,,10.0,mg/l,,48.0,hours,37.0,,5.0,,,,,,,,,,93.534483237017,non-toxic,,,,,,,,,
39,4,3hb,3hv,92.0,8.0,,,,,,nanoparticle,,,,,,,101.4,nm,yes,polydopamine,8.77,adhesive,folic_acid,3.51,targeting_ligard,,0.0,not_applicable,87.72,,,mtt,l02_cells,human,,10000.0,cells/well,,,100.0,mg/l,,48.0,hours,37.0,,5.0,,,,,,,,,,91.8103388564911,non-toxic,,,,,,,,,
39,5,3hb,3hv,92.0,8.0,,,,,,nanoparticle,,,,,,,101.4,nm,yes,polydopamine,8.77,adhesive,folic_acid,3.51,targeting_ligard,,0.0,not_applicable,87.72,,,mtt,l02_cells,human,,10000.0,cells/well,,,1000.0,mg/l,,48.0,hours,37.0,,5.0,,,,,,,,,,92.8879249836549,non-toxic,,,,,,,,,
40,1,3hb,3hv,88.0,12.0,680000.0,g/mol,,,,nanoparticle,,,,,,,90.0,nm,no,,0.0,not_applicable,,0.0,not_applicable,,0.0,not_applicable,100.0,,,mtt,sw_480,human,,180000.0,cells/well,,,2.5,mg/l,,72.0,hours,37.0,,,,,,,,,,,,99.2424249539581,non-toxic,,,,,,,,,
40,2,3hb,3hv,88.0,12.0,680000.0,g/mol,,,,nanoparticle,,,,,,,90.0,nm,no,,0.0,not_applicable,,0.0,not_applicable,,0.0,not_applicable,100.0,,,mtt,sw_480,human,,180000.0,cells/well,,,5.0,mg/l,,72.0,hours,37.0,,,,,,,,,,,,94.696971065304,non-toxic,,,,,,,,,
40,3,3hb,3hv,88.0,12.0,680000.0,g/mol,,,,nanoparticle,,,,,,,90.0,nm,no,,0.0,not_applicable,,0.0,not_applicable,,0.0,not_applicable,100.0,,,mtt,sw_480,human,,180000.0,cells/well,,,12.5,mg/l,,72.0,hours,37.0,,,,,,,,,,,,94.1287870714706,non-toxic,,,,,,,,,
40,4,3hb,3hv,88.0,12.0,680000.0,g/mol,,,,nanoparticle,,,,,,,90.0,nm,no,,0.0,not_applicable,,0.0,not_applicable,,0.0,not_applicable,100.0,,,mtt,sw_480,human,,180000.0,cells/well,,,25.0,mg/l,,72.0,hours,37.0,,,,,,,,,,,,91.6666600439282,non-toxic,,,,,,,,,
40,5,3hb,3hv,88.0,12.0,680000.0,g/mol,,,,nanoparticle,,,,,,,90.0,nm,yes,mtx,26.33,anticancer,herb,26.33,antimicrobial,pva,21.54,binder,25.8,,,mtt,sw_480,human,,180000.0,cells/well,,,2.5,mg/l,,72.0,hours,37.0,,,,,,,,,,,,97.7272712494716,non-toxic,,,,,,,,,
40,6,3hb,3hv,88.0,12.0,680000.0,g/mol,,,,nanoparticle,,,,,,,90.0,nm,yes,mtx,26.33,anticancer,herb,26.33,antimicrobial,pva,21.54,binder,25.8,,,mtt,sw_480,human,,180000.0,cells/well,,,5.0,mg/l,,72.0,hours,37.0,,,,,,,,,,,,91.6666600439282,non-toxic,,,,,,,,,
40,7,3hb,3hv,88.0,12.0,680000.0,g/mol,,,,nanoparticle,,,,,,,90.0,nm,yes,mtx,26.33,anticancer,herb,26.33,antimicrobial,pva,21.54,binder,25.8,,,mtt,sw_480,human,,180000.0,cells/well,,,12.5,mg/l,,72.0,hours,37.0,,,,,,,,,,,,71.2121229635892,non-toxic,,,,,,,,,
40,8,3hb,3hv,88.0,12.0,680000.0,g/mol,,,,nanoparticle,,,,,,,90.0,nm,yes,mtx,26.33,anticancer,herb,26.33,antimicrobial,pva,21.54,binder,25.8,,,mtt,sw_480,human,,180000.0,cells/well,,,25.0,mg/l,,72.0,hours,37.0,,,,,,,,,,,,33.5227219772732,toxic,,,,,,,,,
40,9,3hb,3hv,88.0,12.0,680000.0,g/mol,,,,nanoparticle,,,,,,,90.0,nm,yes,mtx,26.33,anticancer,herb,26.33,antimicrobial,pva,21.54,binder,25.8,,,mtt,sw_480,human,,180000.0,cells/well,,,2.5,mg/l,,72.0,hours,37.0,,,,,,,,,,,,93.5605994652343,non-toxic,,,,,,,,,
40,10,3hb,3hv,88.0,12.0,680000.0,g/mol,,,,nanoparticle,,,,,,,90.0,nm,yes,mtx,26.33,anticancer,herb,26.33,antimicrobial,pva,21.54,binder,25.8,,,mtt,sw_480,human,,180000.0,cells/well,,,5.0,mg/l,,72.0,hours,37.0,,,,,,,,,,,,85.416665010982,non-toxic,,,,,,,,,
40,11,3hb,3hv,88.0,12.0,680000.0,g/mol,,,,nanoparticle,,,,,,,90.0,nm,yes,mtx,26.33,anticancer,herb,26.33,antimicrobial,pva,21.54,binder,25.8,,,mtt,sw_480,human,,180000.0,cells/well,,,12.5,mg/l,,72.0,hours,37.0,,,,,,,,,,,,70.075758588325,non-toxic,,,,,,,,,
40,12,3hb,3hv,88.0,12.0,680000.0,g/mol,,,,nanoparticle,,,,,,,90.0,nm,yes,mtx,26.33,anticancer,herb,26.33,antimicrobial,pva,21.54,binder,25.8,,,mtt,sw_480,human,,180000.0,cells/well,,,25.0,mg/l,,72.0,hours,37.0,,,,,,,,,,,,31.4393915037587,toxic,,,,,,,,,
41,1,3hb,,100.0,0.0,,,,,,disc,,,0.32,cm^2,,,,,no,,0.0,not_applicable,,0.0,not_applicable,,0.0,not_applicable,100.0,,,mtt,l929,mouse,direct_contact,200000.0,cells/well,dmem,,,,,18.0,hours,37.0,,5.0,,,,,,,,,,100.290909090909,non-toxic,,,,,,,,,
41,2,3hb,,100.0,0.0,,,,,,disc,,,0.32,cm^2,,,,,yes,pha,5.0,plasticizer,,0.0,not_applicable,,0.0,not_applicable,95.0,,,mtt,l929,mouse,direct_contact,200000.0,cells/well,dmem,,,,,18.0,hours,37.0,,5.0,,,,,,,,,,87.0545454545454,non-toxic,,,,,,,,,
41,3,3hb,,100.0,0.0,,,,,,disc,,,0.32,cm^2,,,,,yes,bc,1.0,reinforcement,pha,4.0,plasticizer,,0.0,not_applicable,96.0,,,mtt,l929,mouse,direct_contact,200000.0,cells/well,dmem,,,,,18.0,hours,37.0,,5.0,,,,,,,,,,98.7636363636363,non-toxic,,,,,,,,,
41,4,3hb,,100.0,0.0,,,,,,disc,,,0.32,cm^2,,,,,yes,bc,2.0,reinforcement,pha,5.0,plasticizer,,0.0,not_applicable,93.0,,,mtt,l929,mouse,direct_contact,200000.0,cells/well,dmem,,,,,18.0,hours,37.0,,5.0,,,,,,,,,,109.963636363636,non-toxic,,,,,,,,,
41,5,3hb,,100.0,0.0,,,,,,disc,,,0.32,cm^2,,,,,yes,bc,5.0,reinforcement,pha,5.0,plasticizer,,0.0,not_applicable,90.0,,,mtt,l929,mouse,direct_contact,200000.0,cells/well,dmem,,,,,18.0,hours,37.0,,5.0,,,,,,,,,,89.6,non-toxic,,,,,,,,,
42,1,3hb,,100.0,0.0,,,,,,film,0.2,mm,,,,,,,yes,pha,50.0,plasticizer,,0.0,not_applicable,,0.0,not_applicable,50.0,,,mtt,hmecs,human,indirect_contact,1000000.0,cells/well,dmem,,,,,24.0,hours,37.0,celsius,,,,,,,,,,,99.02,non-toxic,,,,,,,,,
42,2,3hb,,100.0,0.0,,,,,,film,0.2,mm,,,,,,,yes,pha,20.0,plasticizer,,0.0,not_applicable,,0.0,not_applicable,80.0,,,mtt,hmecs,human,indirect_contact,1000000.0,cells/well,dmem,,,,,24.0,hours,37.0,celsius,,,,,,,,,,,134.09,non-toxic,,,,,,,,,
